experiment,edge,given cycle,found cycle,iterations
1,"0,1","0,1,1,2,2,3,3,4,4,5,5,6,6,7,7,8,8,9,9,10,10,11,11,12,12,13,13,14,14,15,15,16,16,17,17,18,18,19,19,20,20,21,21,22,22,23,23,24,24,25,25,26,26,27,27,0","0,1,5,4,2,3,22,21,9,10,14,13,12,11,23,24,25,17,18,19,20,6,7,8,15,16,26,27",21
1,"1,2","1,2,2,3,3,4,4,5,5,6,6,7,7,8,8,9,9,10,10,11,11,12,12,13,13,14,14,15,15,16,16,17,17,18,18,19,19,20,20,21,21,22,22,23,23,24,24,25,25,26,26,27,27,0,0,1","1,2,4,3,22,21,20,19,18,17,16,15,8,9,10,14,13,12,11,23,24,25,26,27,0,7,6,5",7
1,"2,3","2,3,3,4,4,5,5,6,6,7,7,8,8,9,9,10,10,11,11,12,12,13,13,14,14,15,15,16,16,17,17,18,18,19,19,20,20,21,21,22,22,23,23,24,24,25,25,26,26,27,27,0,0,1,1,2","2,3,4,5,6,7,8,9,10,11,12,13,14,15,16,26,25,17,18,19,20,21,22,23,24,27,0,1",11
1,"3,4","3,4,4,5,5,6,6,7,7,8,8,9,9,10,10,11,11,12,12,13,13,14,14,15,15,16,16,17,17,18,18,19,19,20,20,21,21,22,22,23,23,24,24,25,25,26,26,27,27,0,0,1,1,2,2,3","3,4,2,1,5,6,7,0,27,26,25,24,23,11,12,13,14,10,9,8,15,16,17,18,19,20,21,22",6
1,"4,5","4,5,5,6,6,7,7,8,8,9,9,10,10,11,11,12,12,13,13,14,14,15,15,16,16,17,17,18,18,19,19,20,20,21,21,22,22,23,23,24,24,25,25,26,26,27,27,0,0,1,1,2,2,3,3,4","4,5,6,7,8,9,10,11,12,13,14,15,16,26,25,17,18,19,20,21,22,23,24,27,0,1,2,3",25
1,"5,6","5,6,6,7,7,8,8,9,9,10,10,11,11,12,12,13,13,14,14,15,15,16,16,17,17,18,18,19,19,20,20,21,21,22,22,23,23,24,24,25,25,26,26,27,27,0,0,1,1,2,2,3,3,4,4,5","5,6,7,8,9,10,11,12,13,14,15,16,26,25,17,18,19,20,21,22,23,24,27,0,1,2,3,4",27
1,"6,7","6,7,7,8,8,9,9,10,10,11,11,12,12,13,13,14,14,15,15,16,16,17,17,18,18,19,19,20,20,21,21,22,22,23,23,24,24,25,25,26,26,27,27,0,0,1,1,2,2,3,3,4,4,5,5,6","6,7,8,9,10,11,12,13,14,15,16,26,25,17,18,19,20,21,22,23,24,27,0,1,2,3,4,5",29
1,"7,8","7,8,8,9,9,10,10,11,11,12,12,13,13,14,14,15,15,16,16,17,17,18,18,19,19,20,20,21,21,22,22,23,23,24,24,25,25,26,26,27,27,0,0,1,1,2,2,3,3,4,4,5,5,6,6,7","7,8,9,10,11,12,19,20,21,22,23,24,25,17,18,13,14,15,16,26,27,0,1,2,3,4,5,6",24
1,"8,9","8,9,9,10,10,11,11,12,12,13,13,14,14,15,15,16,16,17,17,18,18,19,19,20,20,21,21,22,22,23,23,24,24,25,25,26,26,27,27,0,0,1,1,2,2,3,3,4,4,5,5,6,6,7,7,8","8,9,10,14,13,12,11,23,24,25,26,27,0,7,6,5,1,2,4,3,22,21,20,19,18,17,16,15",11
1,"9,10","9,10,10,11,11,12,12,13,13,14,14,15,15,16,16,17,17,18,18,19,19,20,20,21,21,22,22,23,23,24,24,25,25,26,26,27,27,0,0,1,1,2,2,3,3,4,4,5,5,6,6,7,7,8,8,9","9,10,14,15,8,7,0,27,26,16,17,25,24,23,11,12,13,18,19,20,6,5,1,2,4,3,22,21",14
1,"10,11","10,11,11,12,12,13,13,14,14,15,15,16,16,17,17,18,18,19,19,20,20,21,21,22,22,23,23,24,24,25,25,26,26,27,27,0,0,1,1,2,2,3,3,4,4,5,5,6,6,7,7,8,8,9,9,10","10,11,23,24,25,26,27,0,7,8,9,21,22,3,4,2,1,5,6,20,19,12,13,18,17,16,15,14",13
1,"11,12","11,12,12,13,13,14,14,15,15,16,16,17,17,18,18,19,19,20,20,21,21,22,22,23,23,24,24,25,25,26,26,27,27,0,0,1,1,2,2,3,3,4,4,5,5,6,6,7,7,8,8,9,9,10,10,11","11,12,13,14,10,9,8,15,16,17,18,19,20,21,22,3,4,2,1,5,6,7,0,27,26,25,24,23",6
1,"12,13","12,13,13,14,14,15,15,16,16,17,17,18,18,19,19,20,20,21,21,22,22,23,23,24,24,25,25,26,26,27,27,0,0,1,1,2,2,3,3,4,4,5,5,6,6,7,7,8,8,9,9,10,10,11,11,12","12,13,14,15,16,26,25,17,18,19,20,21,22,23,24,27,0,1,2,3,4,5,6,7,8,9,10,11",5
1,"13,14","13,14,14,15,15,16,16,17,17,18,18,19,19,20,20,21,21,22,22,23,23,24,24,25,25,26,26,27,27,0,0,1,1,2,2,3,3,4,4,5,5,6,6,7,7,8,8,9,9,10,10,11,11,12,12,13","13,14,10,9,8,15,16,17,18,19,20,21,22,3,4,2,1,5,6,7,0,27,26,25,24,23,11,12",14
1,"14,15","14,15,15,16,16,17,17,18,18,19,19,20,20,21,21,22,22,23,23,24,24,25,25,26,26,27,27,0,0,1,1,2,2,3,3,4,4,5,5,6,6,7,7,8,8,9,9,10,10,11,11,12,12,13,13,14","14,15,16,26,25,17,18,19,20,21,22,23,24,27,0,1,2,3,4,5,6,7,8,9,10,11,12,13",9
1,"15,16","15,16,16,17,17,18,18,19,19,20,20,21,21,22,22,23,23,24,24,25,25,26,26,27,27,0,0,1,1,2,2,3,3,4,4,5,5,6,6,7,7,8,8,9,9,10,10,11,11,12,12,13,13,14,14,15","15,16,26,25,17,18,19,20,21,22,23,24,27,0,1,2,3,4,5,6,7,8,9,10,11,12,13,14",7
1,"16,17","16,17,17,18,18,19,19,20,20,21,21,22,22,23,23,24,24,25,25,26,26,27,27,0,0,1,1,2,2,3,3,4,4,5,5,6,6,7,7,8,8,9,9,10,10,11,11,12,12,13,13,14,14,15,15,16","16,17,25,26,27,24,23,22,21,20,6,5,4,3,2,1,0,7,8,9,10,11,12,19,18,13,14,15",27
1,"17,18","17,18,18,19,19,20,20,21,21,22,22,23,23,24,24,25,25,26,26,27,27,0,0,1,1,2,2,3,3,4,4,5,5,6,6,7,7,8,8,9,9,10,10,11,11,12,12,13,13,14,14,15,15,16,16,17","17,18,19,20,21,22,23,24,27,0,1,2,3,4,5,6,7,8,9,10,11,12,13,14,15,16,26,25",2
1,"18,19","18,19,19,20,20,21,21,22,22,23,23,24,24,25,25,26,26,27,27,0,0,1,1,2,2,3,3,4,4,5,5,6,6,7,7,8,8,9,9,10,10,11,11,12,12,13,13,14,14,15,15,16,16,17,17,18","18,19,12,11,10,9,21,20,6,5,1,2,4,3,22,23,24,25,17,16,26,27,0,7,8,15,14,13",18
1,"19,20","19,20,20,21,21,22,22,23,23,24,24,25,25,26,26,27,27,0,0,1,1,2,2,3,3,4,4,5,5,6,6,7,7,8,8,9,9,10,10,11,11,12,12,13,13,14,14,15,15,16,16,17,17,18,18,19","19,20,6,5,1,2,4,3,22,21,9,8,7,0,27,24,23,11,10,14,15,16,26,25,17,18,13,12",21
1,"20,21","20,21,21,22,22,23,23,24,24,25,25,26,26,27,27,0,0,1,1,2,2,3,3,4,4,5,5,6,6,7,7,8,8,9,9,10,10,11,11,12,12,13,13,14,14,15,15,16,16,17,17,18,18,19,19,20","20,21,9,10,11,12,19,18,13,14,15,8,7,0,27,26,16,17,25,24,23,22,3,4,2,1,5,6",13
1,"21,22","21,22,22,23,23,24,24,25,25,26,26,27,27,0,0,1,1,2,2,3,3,4,4,5,5,6,6,7,7,8,8,9,9,10,10,11,11,12,12,13,13,14,14,15,15,16,16,17,17,18,18,19,19,20,20,21","21,22,3,4,2,1,5,6,20,19,18,13,12,11,23,24,25,17,16,26,27,0,7,8,15,14,10,9",11
1,"22,23","22,23,23,24,24,25,25,26,26,27,27,0,0,1,1,2,2,3,3,4,4,5,5,6,6,7,7,8,8,9,9,10,10,11,11,12,12,13,13,14,14,15,15,16,16,17,17,18,18,19,19,20,20,21,21,22","22,23,11,12,19,20,6,5,4,3,2,1,0,7,8,15,16,26,27,24,25,17,18,13,14,10,9,21",34
1,"23,24","23,24,24,25,25,26,26,27,27,0,0,1,1,2,2,3,3,4,4,5,5,6,6,7,7,8,8,9,9,10,10,11,11,12,12,13,13,14,14,15,15,16,16,17,17,18,18,19,19,20,20,21,21,22,22,23","23,24,25,17,18,13,14,10,9,21,22,3,2,4,5,1,0,27,26,16,15,8,7,6,20,19,12,11",20
1,"24,25","24,25,25,26,26,27,27,0,0,1,1,2,2,3,3,4,4,5,5,6,6,7,7,8,8,9,9,10,10,11,11,12,12,13,13,14,14,15,15,16,16,17,17,18,18,19,19,20,20,21,21,22,22,23,23,24","24,25,17,18,19,12,13,14,15,16,26,27,0,1,5,4,2,3,22,21,20,6,7,8,9,10,11,23",27
1,"25,26","25,26,26,27,27,0,0,1,1,2,2,3,3,4,4,5,5,6,6,7,7,8,8,9,9,10,10,11,11,12,12,13,13,14,14,15,15,16,16,17,17,18,18,19,19,20,20,21,21,22,22,23,23,24,24,25","25,26,27,24,23,22,21,20,6,5,4,3,2,1,0,7,8,9,10,11,12,19,18,13,14,15,16,17",5
1,"26,27","26,27,27,0,0,1,1,2,2,3,3,4,4,5,5,6,6,7,7,8,8,9,9,10,10,11,11,12,12,13,13,14,14,15,15,16,16,17,17,18,18,19,19,20,20,21,21,22,22,23,23,24,24,25,25,26","26,27,0,1,5,4,2,3,22,21,9,10,14,13,12,11,23,24,25,17,18,19,20,6,7,8,15,16",18
1,"27,0","27,0,0,1,1,2,2,3,3,4,4,5,5,6,6,7,7,8,8,9,9,10,10,11,11,12,12,13,13,14,14,15,15,16,16,17,17,18,18,19,19,20,20,21,21,22,22,23,23,24,24,25,25,26,26,27","27,0,1,2,3,4,5,6,7,8,9,10,11,12,13,14,15,16,26,25,17,18,19,20,21,22,23,24",2
2,"0,1","0,1,1,2,2,3,3,4,4,5,5,6,6,7,7,8,8,9,9,10,10,11,11,12,12,13,13,14,14,15,15,16,16,17,17,18,18,19,19,20,20,21,21,22,22,23,23,24,24,25,25,26,26,27,27,0","0,1,2,3,4,5,6,7,8,9,10,11,12,14,13,15,16,17,18,19,20,21,22,23,24,25,26,27",15
2,"1,2","1,2,2,3,3,4,4,5,5,6,6,7,7,8,8,9,9,10,10,11,11,12,12,13,13,14,14,15,15,16,16,17,17,18,18,19,19,20,20,21,21,22,22,23,23,24,24,25,25,26,26,27,27,0,0,1","1,2,3,4,5,6,7,8,9,10,11,12,14,13,15,16,17,18,19,20,21,22,23,24,25,26,27,0",19
2,"2,3","2,3,3,4,4,5,5,6,6,7,7,8,8,9,9,10,10,11,11,12,12,13,13,14,14,15,15,16,16,17,17,18,18,19,19,20,20,21,21,22,22,23,23,24,24,25,25,26,26,27,27,0,0,1,1,2","2,3,4,5,6,7,8,9,10,11,12,14,13,15,16,17,18,19,20,21,22,23,24,25,26,27,0,1",21
2,"3,4","3,4,4,5,5,6,6,7,7,8,8,9,9,10,10,11,11,12,12,13,13,14,14,15,15,16,16,17,17,18,18,19,19,20,20,21,21,22,22,23,23,24,24,25,25,26,26,27,27,0,0,1,1,2,2,3","3,4,5,6,7,8,9,10,11,12,13,14,15,16,17,18,19,20,21,22,23,24,2,1,27,0,25,26",4
2,"4,5","4,5,5,6,6,7,7,8,8,9,9,10,10,11,11,12,12,13,13,14,14,15,15,16,16,17,17,18,18,19,19,20,20,21,21,22,22,23,23,24,24,25,25,26,26,27,27,0,0,1,1,2,2,3,3,4","4,5,6,7,8,9,10,11,12,13,14,15,16,17,18,19,20,21,22,23,24,2,1,27,0,25,26,3",10
2,"5,6","5,6,6,7,7,8,8,9,9,10,10,11,11,12,12,13,13,14,14,15,15,16,16,17,17,18,18,19,19,20,20,21,21,22,22,23,23,24,24,25,25,26,26,27,27,0,0,1,1,2,2,3,3,4,4,5","5,6,7,8,9,10,11,12,14,13,15,16,17,18,19,20,21,22,23,24,25,26,27,0,1,2,3,4",9
2,"6,7","6,7,7,8,8,9,9,10,10,11,11,12,12,13,13,14,14,15,15,16,16,17,17,18,18,19,19,20,20,21,21,22,22,23,23,24,24,25,25,26,26,27,27,0,0,1,1,2,2,3,3,4,4,5,5,6","6,7,8,9,10,11,12,13,14,15,16,17,18,19,20,21,22,5,4,3,2,1,0,27,26,25,24,23",1
2,"7,8","7,8,8,9,9,10,10,11,11,12,12,13,13,14,14,15,15,16,16,17,17,18,18,19,19,20,20,21,21,22,22,23,23,24,24,25,25,26,26,27,27,0,0,1,1,2,2,3,3,4,4,5,5,6,6,7","7,8,9,10,11,12,13,14,15,16,17,18,19,20,21,22,23,24,2,1,27,0,25,26,3,4,5,6",12
2,"8,9","8,9,9,10,10,11,11,12,12,13,13,14,14,15,15,16,16,17,17,18,18,19,19,20,20,21,21,22,22,23,23,24,24,25,25,26,26,27,27,0,0,1,1,2,2,3,3,4,4,5,5,6,6,7,7,8","8,9,10,11,12,14,13,15,16,17,18,19,20,21,22,23,24,25,26,27,0,1,2,3,4,5,6,7",13
2,"9,10","9,10,10,11,11,12,12,13,13,14,14,15,15,16,16,17,17,18,18,19,19,20,20,21,21,22,22,23,23,24,24,25,25,26,26,27,27,0,0,1,1,2,2,3,3,4,4,5,5,6,6,7,7,8,8,9","9,10,11,12,13,14,15,16,17,18,19,20,21,22,23,24,2,1,27,0,25,26,3,4,5,6,7,8",14
2,"10,11","10,11,11,12,12,13,13,14,14,15,15,16,16,17,17,18,18,19,19,20,20,21,21,22,22,23,23,24,24,25,25,26,26,27,27,0,0,1,1,2,2,3,3,4,4,5,5,6,6,7,7,8,8,9,9,10","10,11,12,13,14,15,16,17,18,19,20,21,22,23,24,2,1,27,0,25,26,3,4,5,6,7,8,9",16
2,"11,12","11,12,12,13,13,14,14,15,15,16,16,17,17,18,18,19,19,20,20,21,21,22,22,23,23,24,24,25,25,26,26,27,27,0,0,1,1,2,2,3,3,4,4,5,5,6,6,7,7,8,8,9,9,10,10,11","11,12,13,14,15,16,10,9,8,7,6,5,4,3,2,1,0,27,26,25,24,23,22,21,20,19,18,17",1
2,"12,13","12,13,13,14,14,15,15,16,16,17,17,18,18,19,19,20,20,21,21,22,22,23,23,24,24,25,25,26,26,27,27,0,0,1,1,2,2,3,3,4,4,5,5,6,6,7,7,8,8,9,9,10,10,11,11,12","12,13,14,15,16,17,18,19,20,21,22,23,24,2,1,27,0,25,26,3,4,5,6,7,8,9,10,11",40
2,"13,14","13,14,14,15,15,16,16,17,17,18,18,19,19,20,20,21,21,22,22,23,23,24,24,25,25,26,26,27,27,0,0,1,1,2,2,3,3,4,4,5,5,6,6,7,7,8,8,9,9,10,10,11,11,12,12,13","13,14,12,11,10,9,8,7,6,5,4,3,2,1,0,27,26,25,24,23,22,21,20,19,18,17,16,15",1
2,"14,15","14,15,15,16,16,17,17,18,18,19,19,20,20,21,21,22,22,23,23,24,24,25,25,26,26,27,27,0,0,1,1,2,2,3,3,4,4,5,5,6,6,7,7,8,8,9,9,10,10,11,11,12,12,13,13,14","14,15,16,17,18,19,20,21,22,23,24,2,1,27,0,25,26,3,4,5,6,7,8,9,10,11,12,13",20
2,"15,16","15,16,16,17,17,18,18,19,19,20,20,21,21,22,22,23,23,24,24,25,25,26,26,27,27,0,0,1,1,2,2,3,3,4,4,5,5,6,6,7,7,8,8,9,9,10,10,11,11,12,12,13,13,14,14,15","15,16,17,18,19,20,21,22,23,24,25,26,27,0,1,2,3,4,5,6,7,8,9,10,11,12,14,13",1
2,"16,17","16,17,17,18,18,19,19,20,20,21,21,22,22,23,23,24,24,25,25,26,26,27,27,0,0,1,1,2,2,3,3,4,4,5,5,6,6,7,7,8,8,9,9,10,10,11,11,12,12,13,13,14,14,15,15,16","16,17,18,19,20,21,22,23,24,25,26,27,0,1,2,3,4,5,6,7,8,9,10,11,12,14,13,15",3
2,"17,18","17,18,18,19,19,20,20,21,21,22,22,23,23,24,24,25,25,26,26,27,27,0,0,1,1,2,2,3,3,4,4,5,5,6,6,7,7,8,8,9,9,10,10,11,11,12,12,13,13,14,14,15,15,16,16,17","17,18,19,20,21,22,23,24,25,26,27,0,1,2,3,4,5,6,7,8,9,10,16,15,14,13,12,11",1
2,"18,19","18,19,19,20,20,21,21,22,22,23,23,24,24,25,25,26,26,27,27,0,0,1,1,2,2,3,3,4,4,5,5,6,6,7,7,8,8,9,9,10,10,11,11,12,12,13,13,14,14,15,15,16,16,17,17,18","18,19,20,21,22,23,24,25,26,27,0,1,2,3,4,5,6,7,8,9,10,11,12,14,13,15,16,17",5
2,"19,20","19,20,20,21,21,22,22,23,23,24,24,25,25,26,26,27,27,0,0,1,1,2,2,3,3,4,4,5,5,6,6,7,7,8,8,9,9,10,10,11,11,12,12,13,13,14,14,15,15,16,16,17,17,18,18,19","19,20,21,22,23,24,2,1,27,0,25,26,3,4,5,6,7,8,9,10,11,12,13,14,15,16,17,18",18
2,"20,21","20,21,21,22,22,23,23,24,24,25,25,26,26,27,27,0,0,1,1,2,2,3,3,4,4,5,5,6,6,7,7,8,8,9,9,10,10,11,11,12,12,13,13,14,14,15,15,16,16,17,17,18,18,19,19,20","20,21,22,23,24,25,26,27,0,1,2,3,4,5,6,7,8,9,10,11,12,14,13,15,16,17,18,19",19
2,"21,22","21,22,22,23,23,24,24,25,25,26,26,27,27,0,0,1,1,2,2,3,3,4,4,5,5,6,6,7,7,8,8,9,9,10,10,11,11,12,12,13,13,14,14,15,15,16,16,17,17,18,18,19,19,20,20,21","21,22,23,24,25,26,27,0,1,2,3,4,5,6,7,8,9,10,11,12,14,13,15,16,17,18,19,20",7
2,"22,23","22,23,23,24,24,25,25,26,26,27,27,0,0,1,1,2,2,3,3,4,4,5,5,6,6,7,7,8,8,9,9,10,10,11,11,12,12,13,13,14,14,15,15,16,16,17,17,18,18,19,19,20,20,21,21,22","22,23,24,25,26,27,0,1,2,3,4,5,6,7,8,9,10,11,12,14,13,15,16,17,18,19,20,21",9
2,"23,24","23,24,24,25,25,26,26,27,27,0,0,1,1,2,2,3,3,4,4,5,5,6,6,7,7,8,8,9,9,10,10,11,11,12,12,13,13,14,14,15,15,16,16,17,17,18,18,19,19,20,20,21,21,22,22,23","23,24,25,26,27,0,1,2,3,4,5,22,21,20,19,18,17,16,15,14,13,12,11,10,9,8,7,6",1
2,"24,25","24,25,25,26,26,27,27,0,0,1,1,2,2,3,3,4,4,5,5,6,6,7,7,8,8,9,9,10,10,11,11,12,12,13,13,14,14,15,15,16,16,17,17,18,18,19,19,20,20,21,21,22,22,23,23,24","24,25,26,27,0,1,2,3,4,5,6,7,8,9,10,11,12,14,13,15,16,17,18,19,20,21,22,23",11
2,"25,26","25,26,26,27,27,0,0,1,1,2,2,3,3,4,4,5,5,6,6,7,7,8,8,9,9,10,10,11,11,12,12,13,13,14,14,15,15,16,16,17,17,18,18,19,19,20,20,21,21,22,22,23,23,24,24,25","25,26,3,4,5,6,7,8,9,10,11,12,13,14,15,16,17,18,19,20,21,22,23,24,2,1,27,0",3
2,"26,27","26,27,27,0,0,1,1,2,2,3,3,4,4,5,5,6,6,7,7,8,8,9,9,10,10,11,11,12,12,13,13,14,14,15,15,16,16,17,17,18,18,19,19,20,20,21,21,22,22,23,23,24,24,25,25,26","26,27,0,1,2,3,4,5,6,7,8,9,10,11,12,14,13,15,16,17,18,19,20,21,22,23,24,25",19
2,"27,0","27,0,0,1,1,2,2,3,3,4,4,5,5,6,6,7,7,8,8,9,9,10,10,11,11,12,12,13,13,14,14,15,15,16,16,17,17,18,18,19,19,20,20,21,21,22,22,23,23,24,24,25,25,26,26,27","27,0,1,2,3,4,5,6,7,8,9,10,11,12,14,13,15,16,17,18,19,20,21,22,23,24,25,26",17
3,"0,1","0,1,1,2,2,3,3,4,4,5,5,6,6,7,7,8,8,9,9,10,10,11,11,12,12,13,13,14,14,15,15,16,16,17,17,18,18,19,19,20,20,21,21,22,22,23,23,24,24,25,25,26,26,27,27,0","0,1,27,26,25,2,3,4,5,6,7,8,9,10,11,12,13,14,15,16,17,18,19,20,21,22,23,24",2
3,"1,2","1,2,2,3,3,4,4,5,5,6,6,7,7,8,8,9,9,10,10,11,11,12,12,13,13,14,14,15,15,16,16,17,17,18,18,19,19,20,20,21,21,22,22,23,23,24,24,25,25,26,26,27,27,0,0,1","1,2,25,26,3,4,5,6,7,8,9,10,11,12,13,14,15,16,17,18,19,20,21,22,23,24,0,27",3
3,"2,3","2,3,3,4,4,5,5,6,6,7,7,8,8,9,9,10,10,11,11,12,12,13,13,14,14,15,15,16,16,17,17,18,18,19,19,20,20,21,21,22,22,23,23,24,24,25,25,26,26,27,27,0,0,1,1,2","2,3,4,5,6,7,8,9,10,11,12,13,14,15,16,17,18,19,20,21,22,23,24,0,1,27,26,25",2
3,"3,4","3,4,4,5,5,6,6,7,7,8,8,9,9,10,10,11,11,12,12,13,13,14,14,15,15,16,16,17,17,18,18,19,19,20,20,21,21,22,22,23,23,24,24,25,25,26,26,27,27,0,0,1,1,2,2,3","3,4,5,6,7,8,9,10,11,12,13,14,15,16,17,18,19,20,21,22,23,24,25,2,1,0,27,26",1
3,"4,5","4,5,5,6,6,7,7,8,8,9,9,10,10,11,11,12,12,13,13,14,14,15,15,16,16,17,17,18,18,19,19,20,20,21,21,22,22,23,23,24,24,25,25,26,26,27,27,0,0,1,1,2,2,3,3,4","4,5,6,7,8,9,10,11,12,13,14,15,16,17,18,19,20,21,22,23,24,0,27,1,2,25,26,3",4
3,"5,6","5,6,6,7,7,8,8,9,9,10,10,11,11,12,12,13,13,14,14,15,15,16,16,17,17,18,18,19,19,20,20,21,21,22,22,23,23,24,24,25,25,26,26,27,27,0,0,1,1,2,2,3,3,4,4,5","5,6,7,8,9,10,11,12,14,13,15,16,17,18,19,20,21,22,23,24,25,26,27,0,1,2,3,4",13
3,"6,7","6,7,7,8,8,9,9,10,10,11,11,12,12,13,13,14,14,15,15,16,16,17,17,18,18,19,19,20,20,21,21,22,22,23,23,24,24,25,25,26,26,27,27,0,0,1,1,2,2,3,3,4,4,5,5,6","6,7,8,9,10,11,12,13,14,15,16,17,18,19,20,21,22,23,24,0,27,1,2,25,26,3,4,5",8
3,"7,8","7,8,8,9,9,10,10,11,11,12,12,13,13,14,14,15,15,16,16,17,17,18,18,19,19,20,20,21,21,22,22,23,23,24,24,25,25,26,26,27,27,0,0,1,1,2,2,3,3,4,4,5,5,6,6,7","7,8,9,10,11,12,13,14,15,16,17,18,19,20,21,22,23,24,0,27,1,2,25,26,3,4,5,6",7
3,"8,9","8,9,9,10,10,11,11,12,12,13,13,14,14,15,15,16,16,17,17,18,18,19,19,20,20,21,21,22,22,23,23,24,24,25,25,26,26,27,27,0,0,1,1,2,2,3,3,4,4,5,5,6,6,7,7,8","8,9,10,11,12,13,14,15,16,17,18,19,20,21,22,23,24,0,27,1,2,25,26,3,4,5,6,7",17
3,"9,10","9,10,10,11,11,12,12,13,13,14,14,15,15,16,16,17,17,18,18,19,19,20,20,21,21,22,22,23,23,24,24,25,25,26,26,27,27,0,0,1,1,2,2,3,3,4,4,5,5,6,6,7,7,8,8,9","9,10,11,12,13,14,15,16,17,18,19,20,21,22,23,24,0,27,1,2,25,26,3,4,5,6,7,8",11
3,"10,11","10,11,11,12,12,13,13,14,14,15,15,16,16,17,17,18,18,19,19,20,20,21,21,22,22,23,23,24,24,25,25,26,26,27,27,0,0,1,1,2,2,3,3,4,4,5,5,6,6,7,7,8,8,9,9,10","10,11,12,14,13,15,16,17,18,19,20,21,22,23,24,25,26,27,0,1,2,3,4,5,6,7,8,9",7
3,"11,12","11,12,12,13,13,14,14,15,15,16,16,17,17,18,18,19,19,20,20,21,21,22,22,23,23,24,24,25,25,26,26,27,27,0,0,1,1,2,2,3,3,4,4,5,5,6,6,7,7,8,8,9,9,10,10,11","11,12,13,14,15,16,17,18,19,20,21,22,23,24,0,27,1,2,25,26,3,4,5,6,7,8,9,10",21
3,"12,13","12,13,13,14,14,15,15,16,16,17,17,18,18,19,19,20,20,21,21,22,22,23,23,24,24,25,25,26,26,27,27,0,0,1,1,2,2,3,3,4,4,5,5,6,6,7,7,8,8,9,9,10,10,11,11,12","12,13,14,15,16,17,18,19,20,21,22,23,24,0,27,1,2,25,26,3,4,5,6,7,8,9,10,11",21
3,"13,14","13,14,14,15,15,16,16,17,17,18,18,19,19,20,20,21,21,22,22,23,23,24,24,25,25,26,26,27,27,0,0,1,1,2,2,3,3,4,4,5,5,6,6,7,7,8,8,9,9,10,10,11,11,12,12,13","13,14,12,11,10,9,8,7,6,5,4,3,2,1,0,27,26,25,24,23,22,21,20,19,18,17,16,15",1
3,"14,15","14,15,15,16,16,17,17,18,18,19,19,20,20,21,21,22,22,23,23,24,24,25,25,26,26,27,27,0,0,1,1,2,2,3,3,4,4,5,5,6,6,7,7,8,8,9,9,10,10,11,11,12,12,13,13,14","14,15,16,17,18,19,20,21,22,23,24,0,27,1,2,25,26,3,4,5,6,7,8,9,10,11,12,13",15
3,"15,16","15,16,16,17,17,18,18,19,19,20,20,21,21,22,22,23,23,24,24,25,25,26,26,27,27,0,0,1,1,2,2,3,3,4,4,5,5,6,6,7,7,8,8,9,9,10,10,11,11,12,12,13,13,14,14,15","15,16,17,18,19,20,21,22,23,24,25,26,27,0,1,2,3,4,5,6,7,8,9,10,11,12,14,13",1
3,"16,17","16,17,17,18,18,19,19,20,20,21,21,22,22,23,23,24,24,25,25,26,26,27,27,0,0,1,1,2,2,3,3,4,4,5,5,6,6,7,7,8,8,9,9,10,10,11,11,12,12,13,13,14,14,15,15,16","16,17,18,19,20,21,22,23,24,25,26,27,0,1,2,3,4,5,6,7,8,9,10,11,12,14,13,15",3
3,"17,18","17,18,18,19,19,20,20,21,21,22,22,23,23,24,24,25,25,26,26,27,27,0,0,1,1,2,2,3,3,4,4,5,5,6,6,7,7,8,8,9,9,10,10,11,11,12,12,13,13,14,14,15,15,16,16,17","17,18,19,20,21,22,23,24,0,27,1,2,25,26,3,4,5,6,7,8,9,10,11,12,13,14,15,16",23
3,"18,19","18,19,19,20,20,21,21,22,22,23,23,24,24,25,25,26,26,27,27,0,0,1,1,2,2,3,3,4,4,5,5,6,6,7,7,8,8,9,9,10,10,11,11,12,12,13,13,14,14,15,15,16,16,17,17,18","18,19,20,21,22,23,24,25,26,27,0,1,2,3,4,5,6,7,8,9,10,11,12,14,13,15,16,17",5
3,"19,20","19,20,20,21,21,22,22,23,23,24,24,25,25,26,26,27,27,0,0,1,1,2,2,3,3,4,4,5,5,6,6,7,7,8,8,9,9,10,10,11,11,12,12,13,13,14,14,15,15,16,16,17,17,18,18,19","19,20,21,22,23,24,25,26,27,0,1,2,3,4,5,6,7,8,9,10,11,12,14,13,15,16,17,18",13
3,"20,21","20,21,21,22,22,23,23,24,24,25,25,26,26,27,27,0,0,1,1,2,2,3,3,4,4,5,5,6,6,7,7,8,8,9,9,10,10,11,11,12,12,13,13,14,14,15,15,16,16,17,17,18,18,19,19,20","20,21,22,23,24,25,26,27,0,1,2,3,4,5,6,7,8,9,10,11,12,14,13,15,16,17,18,19",7
3,"21,22","21,22,22,23,23,24,24,25,25,26,26,27,27,0,0,1,1,2,2,3,3,4,4,5,5,6,6,7,7,8,8,9,9,10,10,11,11,12,12,13,13,14,14,15,15,16,16,17,17,18,18,19,19,20,20,21","21,22,23,24,25,26,27,0,1,2,3,4,5,6,7,8,9,10,11,12,14,13,15,16,17,18,19,20",17
3,"22,23","22,23,23,24,24,25,25,26,26,27,27,0,0,1,1,2,2,3,3,4,4,5,5,6,6,7,7,8,8,9,9,10,10,11,11,12,12,13,13,14,14,15,15,16,16,17,17,18,18,19,19,20,20,21,21,22","22,23,24,0,27,1,2,25,26,3,4,5,6,7,8,9,10,11,12,13,14,15,16,17,18,19,20,21",9
3,"23,24","23,24,24,25,25,26,26,27,27,0,0,1,1,2,2,3,3,4,4,5,5,6,6,7,7,8,8,9,9,10,10,11,11,12,12,13,13,14,14,15,15,16,16,17,17,18,18,19,19,20,20,21,21,22,22,23","23,24,25,26,27,0,1,2,3,4,5,6,7,8,9,10,11,12,14,13,15,16,17,18,19,20,21,22",21
3,"24,25","24,25,25,26,26,27,27,0,0,1,1,2,2,3,3,4,4,5,5,6,6,7,7,8,8,9,9,10,10,11,11,12,12,13,13,14,14,15,15,16,16,17,17,18,18,19,19,20,20,21,21,22,22,23,23,24","24,25,26,27,0,1,2,3,4,5,6,7,8,9,10,11,12,14,13,15,16,17,18,19,20,21,22,23",11
3,"25,26","25,26,26,27,27,0,0,1,1,2,2,3,3,4,4,5,5,6,6,7,7,8,8,9,9,10,10,11,11,12,12,13,13,14,14,15,15,16,16,17,17,18,18,19,19,20,20,21,21,22,22,23,23,24,24,25","25,26,27,1,0,24,23,22,21,20,19,18,17,16,15,14,13,12,11,10,9,8,7,6,5,4,3,2",3
3,"26,27","26,27,27,0,0,1,1,2,2,3,3,4,4,5,5,6,6,7,7,8,8,9,9,10,10,11,11,12,12,13,13,14,14,15,15,16,16,17,17,18,18,19,19,20,20,21,21,22,22,23,23,24,24,25,25,26","26,27,0,1,2,25,24,23,22,21,20,19,18,17,16,15,14,13,12,11,10,9,8,7,6,5,4,3",1
3,"27,0","27,0,0,1,1,2,2,3,3,4,4,5,5,6,6,7,7,8,8,9,9,10,10,11,11,12,12,13,13,14,14,15,15,16,16,17,17,18,18,19,19,20,20,21,21,22,22,23,23,24,24,25,25,26,26,27","27,0,1,2,3,4,5,6,7,8,9,10,11,12,14,13,15,16,17,18,19,20,21,22,23,24,25,26",21
4,"0,1","0,1,1,2,2,3,3,4,4,5,5,6,6,7,7,8,8,9,9,10,10,11,11,12,12,13,13,14,14,15,15,16,16,17,17,18,18,19,19,20,20,21,21,22,22,23,23,24,24,25,25,26,26,27,27,0","0,1,4,5,2,3,27,26,25,24,23,22,21,20,19,18,17,16,15,14,13,12,11,6,7,8,9,10",4
4,"1,2","1,2,2,3,3,4,4,5,5,6,6,7,7,8,8,9,9,10,10,11,11,12,12,13,13,14,14,15,15,16,16,17,17,18,18,19,19,20,20,21,21,22,22,23,23,24,24,25,25,26,26,27,27,0,0,1","1,2,3,27,0,10,9,8,7,26,25,24,23,22,21,20,19,18,17,16,15,14,13,12,11,6,5,4",4
4,"2,3","2,3,3,4,4,5,5,6,6,7,7,8,8,9,9,10,10,11,11,12,12,13,13,14,14,15,15,16,16,17,17,18,18,19,19,20,20,21,21,22,22,23,23,24,24,25,25,26,26,27,27,0,0,1,1,2","2,3,4,1,0,27,26,25,24,23,22,21,20,19,18,17,16,15,14,13,12,11,10,9,8,7,6,5",1
4,"3,4","3,4,4,5,5,6,6,7,7,8,8,9,9,10,10,11,11,12,12,13,13,14,14,15,15,16,16,17,17,18,18,19,19,20,20,21,21,22,22,23,23,24,24,25,25,26,26,27,27,0,0,1,1,2,2,3","3,4,5,2,1,0,10,9,8,7,6,11,12,13,14,15,16,17,18,19,20,21,22,23,24,25,26,27",3
4,"4,5","4,5,5,6,6,7,7,8,8,9,9,10,10,11,11,12,12,13,13,14,14,15,15,16,16,17,17,18,18,19,19,20,20,21,21,22,22,23,23,24,24,25,25,26,26,27,27,0,0,1,1,2,2,3,3,4","4,5,6,11,12,13,14,15,16,17,18,19,20,21,22,23,24,25,26,7,8,9,10,0,27,3,2,1",5
4,"5,6","5,6,6,7,7,8,8,9,9,10,10,11,11,12,12,13,13,14,14,15,15,16,16,17,17,18,18,19,19,20,20,21,21,22,22,23,23,24,24,25,25,26,26,27,27,0,0,1,1,2,2,3,3,4,4,5","5,6,7,8,9,10,11,12,13,14,15,16,17,18,19,20,21,22,23,24,25,26,27,0,1,4,3,2",1
4,"6,7","6,7,7,8,8,9,9,10,10,11,11,12,12,13,13,14,14,15,15,16,16,17,17,18,18,19,19,20,20,21,21,22,22,23,23,24,24,25,25,26,26,27,27,0,0,1,1,2,2,3,3,4,4,5,5,6","6,7,8,9,10,0,1,2,5,4,3,27,26,25,24,23,22,21,20,19,18,17,16,15,14,13,12,11",3
4,"7,8","7,8,8,9,9,10,10,11,11,12,12,13,13,14,14,15,15,16,16,17,17,18,18,19,19,20,20,21,21,22,22,23,23,24,24,25,25,26,26,27,27,0,0,1,1,2,2,3,3,4,4,5,5,6,6,7","7,8,9,15,16,17,18,19,20,21,22,23,14,13,12,24,25,26,27,3,4,5,2,1,0,10,11,6",10
4,"8,9","8,9,9,10,10,11,11,12,12,13,13,14,14,15,15,16,16,17,17,18,18,19,19,20,20,21,21,22,22,23,23,24,24,25,25,26,26,27,27,0,0,1,1,2,2,3,3,4,4,5,5,6,6,7,7,8","8,9,10,0,27,3,4,1,2,5,6,11,12,13,14,15,16,17,18,19,20,21,22,23,24,25,26,7",6
4,"9,10","9,10,10,11,11,12,12,13,13,14,14,15,15,16,16,17,17,18,18,19,19,20,20,21,21,22,22,23,23,24,24,25,25,26,26,27,27,0,0,1,1,2,2,3,3,4,4,5,5,6,6,7,7,8,8,9","9,10,11,6,5,4,3,2,1,0,27,26,7,8,25,24,12,13,14,23,22,21,20,19,18,17,16,15",5
4,"10,11","10,11,11,12,12,13,13,14,14,15,15,16,16,17,17,18,18,19,19,20,20,21,21,22,22,23,23,24,24,25,25,26,26,27,27,0,0,1,1,2,2,3,3,4,4,5,5,6,6,7,7,8,8,9,9,10","10,11,12,13,14,15,16,17,19,18,20,21,22,23,24,25,26,27,0,1,2,3,4,5,6,7,8,9",7
4,"11,12","11,12,12,13,13,14,14,15,15,16,16,17,17,18,18,19,19,20,20,21,21,22,22,23,23,24,24,25,25,26,26,27,27,0,0,1,1,2,2,3,3,4,4,5,5,6,6,7,7,8,8,9,9,10,10,11","11,12,13,14,15,16,17,18,19,20,21,22,23,24,25,26,27,3,4,5,2,1,0,10,9,8,7,6",6
4,"12,13","12,13,13,14,14,15,15,16,16,17,17,18,18,19,19,20,20,21,21,22,22,23,23,24,24,25,25,26,26,27,27,0,0,1,1,2,2,3,3,4,4,5,5,6,6,7,7,8,8,9,9,10,10,11,11,12","12,13,14,15,16,17,18,19,20,21,22,23,24,25,26,7,8,9,10,0,27,3,4,1,2,5,6,11",6
4,"13,14","13,14,14,15,15,16,16,17,17,18,18,19,19,20,20,21,21,22,22,23,23,24,24,25,25,26,26,27,27,0,0,1,1,2,2,3,3,4,4,5,5,6,6,7,7,8,8,9,9,10,10,11,11,12,12,13","13,14,15,16,17,19,18,20,21,22,23,24,25,26,27,0,1,2,3,4,5,6,7,8,9,10,11,12",21
4,"14,15","14,15,15,16,16,17,17,18,18,19,19,20,20,21,21,22,22,23,23,24,24,25,25,26,26,27,27,0,0,1,1,2,2,3,3,4,4,5,5,6,6,7,7,8,8,9,9,10,10,11,11,12,12,13,13,14","14,15,16,17,18,19,20,21,22,13,12,11,10,9,8,7,6,5,4,3,2,1,0,27,26,25,24,23",1
4,"15,16","15,16,16,17,17,18,18,19,19,20,20,21,21,22,22,23,23,24,24,25,25,26,26,27,27,0,0,1,1,2,2,3,3,4,4,5,5,6,6,7,7,8,8,9,9,10,10,11,11,12,12,13,13,14,14,15","15,16,17,18,19,20,21,22,23,24,25,26,7,8,9,10,0,27,3,4,1,2,5,6,11,12,13,14",10
4,"16,17","16,17,17,18,18,19,19,20,20,21,21,22,22,23,23,24,24,25,25,26,26,27,27,0,0,1,1,2,2,3,3,4,4,5,5,6,6,7,7,8,8,9,9,10,10,11,11,12,12,13,13,14,14,15,15,16","16,17,18,19,20,21,22,13,14,23,24,12,11,10,0,27,3,4,1,2,5,6,7,26,25,8,9,15",17
4,"17,18","17,18,18,19,19,20,20,21,21,22,22,23,23,24,24,25,25,26,26,27,27,0,0,1,1,2,2,3,3,4,4,5,5,6,6,7,7,8,8,9,9,10,10,11,11,12,12,13,13,14,14,15,15,16,16,17","17,18,19,20,21,22,13,14,23,24,12,11,10,0,27,3,4,1,2,5,6,7,26,25,8,9,15,16",12
4,"18,19","18,19,19,20,20,21,21,22,22,23,23,24,24,25,25,26,26,27,27,0,0,1,1,2,2,3,3,4,4,5,5,6,6,7,7,8,8,9,9,10,10,11,11,12,12,13,13,14,14,15,15,16,16,17,17,18","18,19,17,16,15,14,13,12,11,10,9,8,7,6,5,4,3,2,1,0,27,26,25,24,23,22,21,20",1
4,"19,20","19,20,20,21,21,22,22,23,23,24,24,25,25,26,26,27,27,0,0,1,1,2,2,3,3,4,4,5,5,6,6,7,7,8,8,9,9,10,10,11,11,12,12,13,13,14,14,15,15,16,16,17,17,18,18,19","19,20,21,22,13,14,23,24,12,11,10,0,27,3,4,1,2,5,6,7,26,25,8,9,15,16,17,18",21
4,"20,21","20,21,21,22,22,23,23,24,24,25,25,26,26,27,27,0,0,1,1,2,2,3,3,4,4,5,5,6,6,7,7,8,8,9,9,10,10,11,11,12,12,13,13,14,14,15,15,16,16,17,17,18,18,19,19,20","20,21,22,23,24,25,26,27,0,1,2,3,4,5,6,7,8,9,10,11,12,13,14,15,16,17,19,18",1
4,"21,22","21,22,22,23,23,24,24,25,25,26,26,27,27,0,0,1,1,2,2,3,3,4,4,5,5,6,6,7,7,8,8,9,9,10,10,11,11,12,12,13,13,14,14,15,15,16,16,17,17,18,18,19,19,20,20,21","21,22,23,24,25,26,27,0,1,2,3,4,5,6,7,8,9,10,11,12,13,14,15,16,17,19,18,20",3
4,"22,23","22,23,23,24,24,25,25,26,26,27,27,0,0,1,1,2,2,3,3,4,4,5,5,6,6,7,7,8,8,9,9,10,10,11,11,12,12,13,13,14,14,15,15,16,16,17,17,18,18,19,19,20,20,21,21,22","22,23,24,25,26,27,0,1,2,3,4,5,6,7,8,9,10,11,12,13,14,15,16,17,19,18,20,21",5
4,"23,24","23,24,24,25,25,26,26,27,27,0,0,1,1,2,2,3,3,4,4,5,5,6,6,7,7,8,8,9,9,10,10,11,11,12,12,13,13,14,14,15,15,16,16,17,17,18,18,19,19,20,20,21,21,22,22,23","23,24,25,26,27,0,1,2,3,4,5,6,7,8,9,10,11,12,13,22,21,20,19,18,17,16,15,14",1
4,"24,25","24,25,25,26,26,27,27,0,0,1,1,2,2,3,3,4,4,5,5,6,6,7,7,8,8,9,9,10,10,11,11,12,12,13,13,14,14,15,15,16,16,17,17,18,18,19,19,20,20,21,21,22,22,23,23,24","24,25,26,27,3,4,5,2,1,0,10,11,6,7,8,9,15,16,17,18,19,20,21,22,23,14,13,12",9
4,"25,26","25,26,26,27,27,0,0,1,1,2,2,3,3,4,4,5,5,6,6,7,7,8,8,9,9,10,10,11,11,12,12,13,13,14,14,15,15,16,16,17,17,18,18,19,19,20,20,21,21,22,22,23,23,24,24,25","25,26,27,0,1,2,3,4,5,6,7,8,9,10,11,12,13,14,15,16,17,19,18,20,21,22,23,24",9
4,"26,27","26,27,27,0,0,1,1,2,2,3,3,4,4,5,5,6,6,7,7,8,8,9,9,10,10,11,11,12,12,13,13,14,14,15,15,16,16,17,17,18,18,19,19,20,20,21,21,22,22,23,23,24,24,25,25,26","26,27,0,1,2,3,4,5,6,11,10,9,15,16,17,18,19,20,21,22,23,14,13,12,24,25,8,7",8
4,"27,0","27,0,0,1,1,2,2,3,3,4,4,5,5,6,6,7,7,8,8,9,9,10,10,11,11,12,12,13,13,14,14,15,15,16,16,17,17,18,18,19,19,20,20,21,21,22,22,23,23,24,24,25,25,26,26,27","27,0,1,2,3,4,5,6,7,8,9,10,11,12,13,14,15,16,17,19,18,20,21,22,23,24,25,26",13
5,"0,1","0,1,1,2,2,3,3,4,4,5,5,6,6,7,7,8,8,9,9,10,10,11,11,12,12,13,13,14,14,15,15,16,16,17,17,18,18,19,19,20,20,21,21,22,22,23,23,24,24,25,25,26,26,27,27,0","0,1,2,3,4,5,6,7,8,9,10,11,12,13,14,15,16,17,18,19,20,21,22,23,24,26,25,27",3
5,"1,2","1,2,2,3,3,4,4,5,5,6,6,7,7,8,8,9,9,10,10,11,11,12,12,13,13,14,14,15,15,16,16,17,17,18,18,19,19,20,20,21,21,22,22,23,23,24,24,25,25,26,26,27,27,0,0,1","1,2,3,4,12,13,14,5,6,15,16,17,18,19,20,21,7,8,22,23,24,25,26,27,0,11,10,9",6
5,"2,3","2,3,3,4,4,5,5,6,6,7,7,8,8,9,9,10,10,11,11,12,12,13,13,14,14,15,15,16,16,17,17,18,18,19,19,20,20,21,21,22,22,23,23,24,24,25,25,26,26,27,27,0,0,1,1,2","2,3,4,5,6,7,8,9,1,0,27,26,25,24,23,22,21,20,19,18,17,16,15,14,13,12,11,10",1
5,"3,4","3,4,4,5,5,6,6,7,7,8,8,9,9,10,10,11,11,12,12,13,13,14,14,15,15,16,16,17,17,18,18,19,19,20,20,21,21,22,22,23,23,24,24,25,25,26,26,27,27,0,0,1,1,2,2,3","3,4,5,6,7,8,9,10,11,12,13,14,15,16,17,18,19,20,21,22,23,24,26,25,27,0,1,2",7
5,"4,5","4,5,5,6,6,7,7,8,8,9,9,10,10,11,11,12,12,13,13,14,14,15,15,16,16,17,17,18,18,19,19,20,20,21,21,22,22,23,23,24,24,25,25,26,26,27,27,0,0,1,1,2,2,3,3,4","4,5,14,15,6,7,8,22,21,20,16,17,19,18,23,24,25,26,27,0,11,10,9,1,2,3,13,12",12
5,"5,6","5,6,6,7,7,8,8,9,9,10,10,11,11,12,12,13,13,14,14,15,15,16,16,17,17,18,18,19,19,20,20,21,21,22,22,23,23,24,24,25,25,26,26,27,27,0,0,1,1,2,2,3,3,4,4,5","5,6,7,8,9,10,11,12,13,14,15,16,17,18,19,20,21,22,23,24,26,25,27,0,1,2,3,4",11
5,"6,7","6,7,7,8,8,9,9,10,10,11,11,12,12,13,13,14,14,15,15,16,16,17,17,18,18,19,19,20,20,21,21,22,22,23,23,24,24,25,25,26,26,27,27,0,0,1,1,2,2,3,3,4,4,5,5,6","6,7,8,9,10,11,12,13,14,5,4,3,2,1,0,27,26,25,24,23,22,21,20,19,18,17,16,15",1
5,"7,8","7,8,8,9,9,10,10,11,11,12,12,13,13,14,14,15,15,16,16,17,17,18,18,19,19,20,20,21,21,22,22,23,23,24,24,25,25,26,26,27,27,0,0,1,1,2,2,3,3,4,4,5,5,6,6,7","7,8,22,23,24,25,26,27,0,11,10,9,1,2,3,4,12,13,14,5,6,15,16,17,18,19,20,21",19
5,"8,9","8,9,9,10,10,11,11,12,12,13,13,14,14,15,15,16,16,17,17,18,18,19,19,20,20,21,21,22,22,23,23,24,24,25,25,26,26,27,27,0,0,1,1,2,2,3,3,4,4,5,5,6,6,7,7,8","8,9,10,11,12,13,14,15,16,17,18,19,20,21,7,6,5,4,3,2,1,0,27,26,25,24,23,22",1
5,"9,10","9,10,10,11,11,12,12,13,13,14,14,15,15,16,16,17,17,18,18,19,19,20,20,21,21,22,22,23,23,24,24,25,25,26,26,27,27,0,0,1,1,2,2,3,3,4,4,5,5,6,6,7,7,8,8,9","9,10,11,12,13,14,15,16,20,19,17,18,23,24,25,26,27,0,1,2,3,4,5,6,7,21,22,8",8
5,"10,11","10,11,11,12,12,13,13,14,14,15,15,16,16,17,17,18,18,19,19,20,20,21,21,22,22,23,23,24,24,25,25,26,26,27,27,0,0,1,1,2,2,3,3,4,4,5,5,6,6,7,7,8,8,9,9,10","10,11,12,13,14,15,16,17,18,19,20,21,22,23,24,25,26,27,0,1,9,8,7,6,5,4,3,2",1
5,"11,12","11,12,12,13,13,14,14,15,15,16,16,17,17,18,18,19,19,20,20,21,21,22,22,23,23,24,24,25,25,26,26,27,27,0,0,1,1,2,2,3,3,4,4,5,5,6,6,7,7,8,8,9,9,10,10,11","11,12,4,5,14,13,3,2,1,0,27,26,25,24,23,18,17,19,20,16,15,6,7,21,22,8,9,10",20
5,"12,13","12,13,13,14,14,15,15,16,16,17,17,18,18,19,19,20,20,21,21,22,22,23,23,24,24,25,25,26,26,27,27,0,0,1,1,2,2,3,3,4,4,5,5,6,6,7,7,8,8,9,9,10,10,11,11,12","12,13,14,15,16,20,19,17,18,23,24,25,26,27,0,1,2,3,4,5,6,7,21,22,8,9,10,11",12
5,"13,14","13,14,14,15,15,16,16,17,17,18,18,19,19,20,20,21,21,22,22,23,23,24,24,25,25,26,26,27,27,0,0,1,1,2,2,3,3,4,4,5,5,6,6,7,7,8,8,9,9,10,10,11,11,12,12,13","13,14,5,6,15,16,17,18,19,20,21,7,8,22,23,24,25,26,27,0,11,10,9,1,2,3,4,12",10
5,"14,15","14,15,15,16,16,17,17,18,18,19,19,20,20,21,21,22,22,23,23,24,24,25,25,26,26,27,27,0,0,1,1,2,2,3,3,4,4,5,5,6,6,7,7,8,8,9,9,10,10,11,11,12,12,13,13,14","14,15,16,20,19,17,18,23,24,25,26,27,0,1,2,3,4,5,6,7,21,22,8,9,10,11,12,13",16
5,"15,16","15,16,16,17,17,18,18,19,19,20,20,21,21,22,22,23,23,24,24,25,25,26,26,27,27,0,0,1,1,2,2,3,3,4,4,5,5,6,6,7,7,8,8,9,9,10,10,11,11,12,12,13,13,14,14,15","15,16,17,18,19,20,21,22,23,24,25,26,27,0,1,2,3,4,5,14,13,12,11,10,9,8,7,6",1
5,"16,17","16,17,17,18,18,19,19,20,20,21,21,22,22,23,23,24,24,25,25,26,26,27,27,0,0,1,1,2,2,3,3,4,4,5,5,6,6,7,7,8,8,9,9,10,10,11,11,12,12,13,13,14,14,15,15,16","16,17,18,19,20,21,7,8,22,23,24,25,26,27,0,11,10,9,1,2,3,4,12,13,14,5,6,15",10
5,"17,18","17,18,18,19,19,20,20,21,21,22,22,23,23,24,24,25,25,26,26,27,27,0,0,1,1,2,2,3,3,4,4,5,5,6,6,7,7,8,8,9,9,10,10,11,11,12,12,13,13,14,14,15,15,16,16,17","17,18,19,20,21,22,23,24,26,25,27,0,1,2,3,4,5,6,7,8,9,10,11,12,13,14,15,16",15
5,"18,19","18,19,19,20,20,21,21,22,22,23,23,24,24,25,25,26,26,27,27,0,0,1,1,2,2,3,3,4,4,5,5,6,6,7,7,8,8,9,9,10,10,11,11,12,12,13,13,14,14,15,15,16,16,17,17,18","18,19,20,21,7,8,22,23,24,25,26,27,0,11,10,9,1,2,3,4,12,13,14,5,6,15,16,17",14
5,"19,20","19,20,20,21,21,22,22,23,23,24,24,25,25,26,26,27,27,0,0,1,1,2,2,3,3,4,4,5,5,6,6,7,7,8,8,9,9,10,10,11,11,12,12,13,13,14,14,15,15,16,16,17,17,18,18,19","19,20,21,22,23,24,26,25,27,0,1,2,3,4,5,6,7,8,9,10,11,12,13,14,15,16,17,18",5
5,"20,21","20,21,21,22,22,23,23,24,24,25,25,26,26,27,27,0,0,1,1,2,2,3,3,4,4,5,5,6,6,7,7,8,8,9,9,10,10,11,11,12,12,13,13,14,14,15,15,16,16,17,17,18,18,19,19,20","20,21,22,23,24,26,25,27,0,1,2,3,4,5,6,7,8,9,10,11,12,13,14,15,16,17,18,19",7
5,"21,22","21,22,22,23,23,24,24,25,25,26,26,27,27,0,0,1,1,2,2,3,3,4,4,5,5,6,6,7,7,8,8,9,9,10,10,11,11,12,12,13,13,14,14,15,15,16,16,17,17,18,18,19,19,20,20,21","21,22,23,24,26,25,27,0,1,2,3,4,5,6,7,8,9,10,11,12,13,14,15,16,17,18,19,20",9
5,"22,23","22,23,23,24,24,25,25,26,26,27,27,0,0,1,1,2,2,3,3,4,4,5,5,6,6,7,7,8,8,9,9,10,10,11,11,12,12,13,13,14,14,15,15,16,16,17,17,18,18,19,19,20,20,21,21,22","22,23,24,25,26,27,0,1,2,3,4,5,6,7,21,20,19,18,17,16,15,14,13,12,11,10,9,8",1
5,"23,24","23,24,24,25,25,26,26,27,27,0,0,1,1,2,2,3,3,4,4,5,5,6,6,7,7,8,8,9,9,10,10,11,11,12,12,13,13,14,14,15,15,16,16,17,17,18,18,19,19,20,20,21,21,22,22,23","23,24,25,26,27,0,11,10,9,1,2,3,4,12,13,14,5,6,15,16,17,18,19,20,21,7,8,22",10
5,"24,25","24,25,25,26,26,27,27,0,0,1,1,2,2,3,3,4,4,5,5,6,6,7,7,8,8,9,9,10,10,11,11,12,12,13,13,14,14,15,15,16,16,17,17,18,18,19,19,20,20,21,21,22,22,23,23,24","24,25,26,27,0,1,2,3,4,5,6,7,21,22,8,9,10,11,12,13,14,15,16,20,19,17,18,23",8
5,"25,26","25,26,26,27,27,0,0,1,1,2,2,3,3,4,4,5,5,6,6,7,7,8,8,9,9,10,10,11,11,12,12,13,13,14,14,15,15,16,16,17,17,18,18,19,19,20,20,21,21,22,22,23,23,24,24,25","25,26,24,23,22,21,20,19,18,17,16,15,14,13,12,11,10,9,8,7,6,5,4,3,2,1,0,27",1
5,"26,27","26,27,27,0,0,1,1,2,2,3,3,4,4,5,5,6,6,7,7,8,8,9,9,10,10,11,11,12,12,13,13,14,14,15,15,16,16,17,17,18,18,19,19,20,20,21,21,22,22,23,23,24,24,25,25,26","26,27,0,1,2,3,4,5,6,7,21,22,8,9,10,11,12,13,14,15,16,20,19,17,18,23,24,25",35
5,"27,0","27,0,0,1,1,2,2,3,3,4,4,5,5,6,6,7,7,8,8,9,9,10,10,11,11,12,12,13,13,14,14,15,15,16,16,17,17,18,18,19,19,20,20,21,21,22,22,23,23,24,24,25,25,26,26,27","27,0,1,2,3,4,5,6,7,8,9,10,11,12,13,14,15,16,17,18,19,20,21,22,23,24,26,25",1
6,"0,1","0,1,1,2,2,3,3,4,4,5,5,6,6,7,7,8,8,9,9,10,10,11,11,12,12,13,13,14,14,15,15,16,16,17,17,18,18,19,19,20,20,21,21,22,22,23,23,24,24,25,25,26,26,27,27,0","0,1,2,3,4,5,6,7,24,25,26,27,8,9,10,11,12,13,14,15,16,17,18,19,20,21,22,23",5
6,"1,2","1,2,2,3,3,4,4,5,5,6,6,7,7,8,8,9,9,10,10,11,11,12,12,13,13,14,14,15,15,16,16,17,17,18,18,19,19,20,20,21,21,22,22,23,23,24,24,25,25,26,26,27,27,0,0,1","1,2,3,4,5,6,7,24,25,26,27,8,9,10,11,12,13,14,15,16,17,18,19,20,21,22,23,0",3
6,"2,3","2,3,3,4,4,5,5,6,6,7,7,8,8,9,9,10,10,11,11,12,12,13,13,14,14,15,15,16,16,17,17,18,18,19,19,20,20,21,21,22,22,23,23,24,24,25,25,26,26,27,27,0,0,1,1,2","2,3,4,5,6,7,8,9,10,11,12,14,13,15,16,17,18,19,20,21,22,23,24,25,26,27,0,1",9
6,"3,4","3,4,4,5,5,6,6,7,7,8,8,9,9,10,10,11,11,12,12,13,13,14,14,15,15,16,16,17,17,18,18,19,19,20,20,21,21,22,22,23,23,24,24,25,25,26,26,27,27,0,0,1,1,2,2,3","3,4,5,6,7,24,25,26,27,8,9,10,11,12,13,14,15,16,17,18,19,20,21,22,23,0,1,2",8
6,"4,5","4,5,5,6,6,7,7,8,8,9,9,10,10,11,11,12,12,13,13,14,14,15,15,16,16,17,17,18,18,19,19,20,20,21,21,22,22,23,23,24,24,25,25,26,26,27,27,0,0,1,1,2,2,3,3,4","4,5,6,7,24,25,26,27,8,9,10,11,12,13,14,15,16,17,18,19,20,21,22,23,0,1,2,3",13
6,"5,6","5,6,6,7,7,8,8,9,9,10,10,11,11,12,12,13,13,14,14,15,15,16,16,17,17,18,18,19,19,20,20,21,21,22,22,23,23,24,24,25,25,26,26,27,27,0,0,1,1,2,2,3,3,4,4,5","5,6,7,24,25,26,27,8,9,10,11,12,13,14,15,16,17,18,19,20,21,22,23,0,1,2,3,4",12
6,"6,7","6,7,7,8,8,9,9,10,10,11,11,12,12,13,13,14,14,15,15,16,16,17,17,18,18,19,19,20,20,21,21,22,22,23,23,24,24,25,25,26,26,27,27,0,0,1,1,2,2,3,3,4,4,5,5,6","6,7,8,9,10,11,12,13,14,15,16,17,18,5,4,3,2,1,0,27,26,25,24,23,22,21,20,19",1
6,"7,8","7,8,8,9,9,10,10,11,11,12,12,13,13,14,14,15,15,16,16,17,17,18,18,19,19,20,20,21,21,22,22,23,23,24,24,25,25,26,26,27,27,0,0,1,1,2,2,3,3,4,4,5,5,6,6,7","7,8,9,10,11,12,13,14,15,16,17,18,19,6,5,4,3,2,1,20,21,22,23,0,27,26,25,24",3
6,"8,9","8,9,9,10,10,11,11,12,12,13,13,14,14,15,15,16,16,17,17,18,18,19,19,20,20,21,21,22,22,23,23,24,24,25,25,26,26,27,27,0,0,1,1,2,2,3,3,4,4,5,5,6,6,7,7,8","8,9,25,26,27,0,1,2,3,4,16,15,14,13,12,11,10,17,18,5,6,19,20,21,22,23,24,7",6
6,"9,10","9,10,10,11,11,12,12,13,13,14,14,15,15,16,16,17,17,18,18,19,19,20,20,21,21,22,22,23,23,24,24,25,25,26,26,27,27,0,0,1,1,2,2,3,3,4,4,5,5,6,6,7,7,8,8,9","9,10,11,12,13,14,15,16,17,18,19,20,21,22,23,0,1,2,3,4,5,6,7,24,25,26,27,8",3
6,"10,11","10,11,11,12,12,13,13,14,14,15,15,16,16,17,17,18,18,19,19,20,20,21,21,22,22,23,23,24,24,25,25,26,26,27,27,0,0,1,1,2,2,3,3,4,4,5,5,6,6,7,7,8,8,9,9,10","10,11,12,14,13,15,16,17,18,19,20,21,22,23,24,25,26,27,0,1,2,3,4,5,6,7,8,9",7
6,"11,12","11,12,12,13,13,14,14,15,15,16,16,17,17,18,18,19,19,20,20,21,21,22,22,23,23,24,24,25,25,26,26,27,27,0,0,1,1,2,2,3,3,4,4,5,5,6,6,7,7,8,8,9,9,10,10,11","11,12,13,14,15,16,17,18,19,20,21,22,23,0,1,2,3,4,5,6,7,24,25,26,27,8,9,10",23
6,"12,13","12,13,13,14,14,15,15,16,16,17,17,18,18,19,19,20,20,21,21,22,22,23,23,24,24,25,25,26,26,27,27,0,0,1,1,2,2,3,3,4,4,5,5,6,6,7,7,8,8,9,9,10,10,11,11,12","12,13,14,15,16,17,10,9,8,27,0,23,22,21,20,1,2,3,4,5,18,19,6,7,24,25,26,11",14
6,"13,14","13,14,14,15,15,16,16,17,17,18,18,19,19,20,20,21,21,22,22,23,23,24,24,25,25,26,26,27,27,0,0,1,1,2,2,3,3,4,4,5,5,6,6,7,7,8,8,9,9,10,10,11,11,12,12,13","13,14,12,11,10,9,8,7,6,5,4,3,2,1,0,27,26,25,24,23,22,21,20,19,18,17,16,15",1
6,"14,15","14,15,15,16,16,17,17,18,18,19,19,20,20,21,21,22,22,23,23,24,24,25,25,26,26,27,27,0,0,1,1,2,2,3,3,4,4,5,5,6,6,7,7,8,8,9,9,10,10,11,11,12,12,13,13,14","14,15,16,17,18,19,6,5,4,3,21,20,1,2,22,23,0,27,26,25,24,7,8,9,10,11,12,13",17
6,"15,16","15,16,16,17,17,18,18,19,19,20,20,21,21,22,22,23,23,24,24,25,25,26,26,27,27,0,0,1,1,2,2,3,3,4,4,5,5,6,6,7,7,8,8,9,9,10,10,11,11,12,12,13,13,14,14,15","15,16,17,18,19,20,21,22,23,24,25,26,27,0,1,2,3,4,5,6,7,8,9,10,11,12,14,13",1
6,"16,17","16,17,17,18,18,19,19,20,20,21,21,22,22,23,23,24,24,25,25,26,26,27,27,0,0,1,1,2,2,3,3,4,4,5,5,6,6,7,7,8,8,9,9,10,10,11,11,12,12,13,13,14,14,15,15,16","16,17,18,19,20,21,22,23,24,25,26,27,0,1,2,3,4,5,6,7,8,9,10,11,12,14,13,15",3
6,"17,18","17,18,18,19,19,20,20,21,21,22,22,23,23,24,24,25,25,26,26,27,27,0,0,1,1,2,2,3,3,4,4,5,5,6,6,7,7,8,8,9,9,10,10,11,11,12,12,13,13,14,14,15,15,16,16,17","17,18,5,6,19,20,21,22,23,24,7,8,9,25,26,27,0,1,2,3,4,16,15,14,13,12,11,10",5
6,"18,19","18,19,19,20,20,21,21,22,22,23,23,24,24,25,25,26,26,27,27,0,0,1,1,2,2,3,3,4,4,5,5,6,6,7,7,8,8,9,9,10,10,11,11,12,12,13,13,14,14,15,15,16,16,17,17,18","18,19,20,21,22,23,24,25,26,27,0,1,2,3,4,5,6,7,8,9,10,11,12,14,13,15,16,17",15
6,"19,20","19,20,20,21,21,22,22,23,23,24,24,25,25,26,26,27,27,0,0,1,1,2,2,3,3,4,4,5,5,6,6,7,7,8,8,9,9,10,10,11,11,12,12,13,13,14,14,15,15,16,16,17,17,18,18,19","19,20,21,22,23,24,25,26,27,0,1,2,3,4,5,18,17,16,15,14,13,12,11,10,9,8,7,6",1
6,"20,21","20,21,21,22,22,23,23,24,24,25,25,26,26,27,27,0,0,1,1,2,2,3,3,4,4,5,5,6,6,7,7,8,8,9,9,10,10,11,11,12,12,13,13,14,14,15,15,16,16,17,17,18,18,19,19,20","20,21,22,23,24,7,8,9,25,26,27,0,1,2,3,4,16,15,14,13,12,11,10,17,18,5,6,19",6
6,"21,22","21,22,22,23,23,24,24,25,25,26,26,27,27,0,0,1,1,2,2,3,3,4,4,5,5,6,6,7,7,8,8,9,9,10,10,11,11,12,12,13,13,14,14,15,15,16,16,17,17,18,18,19,19,20,20,21","21,22,23,0,1,2,3,4,5,6,7,24,25,26,27,8,9,10,11,12,13,14,15,16,17,18,19,20",10
6,"22,23","22,23,23,24,24,25,25,26,26,27,27,0,0,1,1,2,2,3,3,4,4,5,5,6,6,7,7,8,8,9,9,10,10,11,11,12,12,13,13,14,14,15,15,16,16,17,17,18,18,19,19,20,20,21,21,22","22,23,24,25,26,27,0,1,2,3,4,5,6,7,8,9,10,11,12,14,13,15,16,17,18,19,20,21",7
6,"23,24","23,24,24,25,25,26,26,27,27,0,0,1,1,2,2,3,3,4,4,5,5,6,6,7,7,8,8,9,9,10,10,11,11,12,12,13,13,14,14,15,15,16,16,17,17,18,18,19,19,20,20,21,21,22,22,23","23,24,7,8,9,25,26,27,0,1,2,3,4,16,15,14,13,12,11,10,17,18,5,6,19,20,21,22",16
6,"24,25","24,25,25,26,26,27,27,0,0,1,1,2,2,3,3,4,4,5,5,6,6,7,7,8,8,9,9,10,10,11,11,12,12,13,13,14,14,15,15,16,16,17,17,18,18,19,19,20,20,21,21,22,22,23,23,24","24,25,26,27,0,23,22,21,20,1,2,3,4,5,6,19,18,17,16,15,14,13,12,11,10,9,8,7",3
6,"25,26","25,26,26,27,27,0,0,1,1,2,2,3,3,4,4,5,5,6,6,7,7,8,8,9,9,10,10,11,11,12,12,13,13,14,14,15,15,16,16,17,17,18,18,19,19,20,20,21,21,22,22,23,23,24,24,25","25,26,27,8,9,10,11,12,13,14,15,16,17,18,19,20,21,22,23,0,1,2,3,4,5,6,7,24",3
6,"26,27","26,27,27,0,0,1,1,2,2,3,3,4,4,5,5,6,6,7,7,8,8,9,9,10,10,11,11,12,12,13,13,14,14,15,15,16,16,17,17,18,18,19,19,20,20,21,21,22,22,23,23,24,24,25,25,26","26,27,0,1,2,3,4,16,15,14,13,12,11,10,17,18,5,6,19,20,21,22,23,24,7,8,9,25",6
6,"27,0","27,0,0,1,1,2,2,3,3,4,4,5,5,6,6,7,7,8,8,9,9,10,10,11,11,12,12,13,13,14,14,15,15,16,16,17,17,18,18,19,19,20,20,21,21,22,22,23,23,24,24,25,25,26,26,27","27,0,1,2,3,4,5,6,7,8,9,10,11,12,14,13,15,16,17,18,19,20,21,22,23,24,25,26",5
7,"0,1","0,1,1,2,2,3,3,4,4,5,5,6,6,7,7,8,8,9,9,10,10,11,11,12,12,13,13,14,14,15,15,16,16,17,17,18,18,19,19,20,20,21,21,22,22,23,23,24,24,25,25,26,26,27,27,0","0,1,2,3,4,5,6,7,8,18,19,9,10,21,20,11,12,13,14,15,16,17,22,23,24,25,26,27",13
7,"1,2","1,2,2,3,3,4,4,5,5,6,6,7,7,8,8,9,9,10,10,11,11,12,12,13,13,14,14,15,15,16,16,17,17,18,18,19,19,20,20,21,21,22,22,23,23,24,24,25,25,26,26,27,27,0,0,1","1,2,3,4,5,6,7,8,18,17,22,21,20,19,9,10,11,12,13,14,15,16,23,24,25,26,27,0",16
7,"2,3","2,3,3,4,4,5,5,6,6,7,7,8,8,9,9,10,10,11,11,12,12,13,13,14,14,15,15,16,16,17,17,18,18,19,19,20,20,21,21,22,22,23,23,24,24,25,25,26,26,27,27,0,0,1,1,2","2,3,4,5,6,15,16,17,18,19,20,21,22,23,24,25,26,27,0,1,14,13,7,8,9,10,11,12",3
7,"3,4","3,4,4,5,5,6,6,7,7,8,8,9,9,10,10,11,11,12,12,13,13,14,14,15,15,16,16,17,17,18,18,19,19,20,20,21,21,22,22,23,23,24,24,25,25,26,26,27,27,0,0,1,1,2,2,3","3,4,5,6,7,8,18,17,22,21,20,19,9,10,11,12,13,14,15,16,23,24,25,26,27,0,1,2",14
7,"4,5","4,5,5,6,6,7,7,8,8,9,9,10,10,11,11,12,12,13,13,14,14,15,15,16,16,17,17,18,18,19,19,20,20,21,21,22,22,23,23,24,24,25,25,26,26,27,27,0,0,1,1,2,2,3,3,4","4,5,6,7,8,18,19,9,10,21,20,11,12,13,14,15,16,17,22,23,24,25,26,27,0,1,2,3",15
7,"5,6","5,6,6,7,7,8,8,9,9,10,10,11,11,12,12,13,13,14,14,15,15,16,16,17,17,18,18,19,19,20,20,21,21,22,22,23,23,24,24,25,25,26,26,27,27,0,0,1,1,2,2,3,3,4,4,5","5,6,7,8,9,10,11,12,13,14,15,16,17,18,19,20,21,22,23,24,4,3,2,1,0,25,26,27",2
7,"6,7","6,7,7,8,8,9,9,10,10,11,11,12,12,13,13,14,14,15,15,16,16,17,17,18,18,19,19,20,20,21,21,22,22,23,23,24,24,25,25,26,26,27,27,0,0,1,1,2,2,3,3,4,4,5,5,6","6,7,8,9,10,11,12,13,14,15,16,17,18,19,20,21,22,23,24,4,3,2,1,0,25,26,27,5",6
7,"7,8","7,8,8,9,9,10,10,11,11,12,12,13,13,14,14,15,15,16,16,17,17,18,18,19,19,20,20,21,21,22,22,23,23,24,24,25,25,26,26,27,27,0,0,1,1,2,2,3,3,4,4,5,5,6,6,7","7,8,18,19,9,10,11,20,21,22,17,16,23,24,25,26,3,4,5,27,0,1,2,12,13,14,15,6",9
7,"8,9","8,9,9,10,10,11,11,12,12,13,13,14,14,15,15,16,16,17,17,18,18,19,19,20,20,21,21,22,22,23,23,24,24,25,25,26,26,27,27,0,0,1,1,2,2,3,3,4,4,5,5,6,6,7,7,8","8,9,10,11,12,13,14,15,16,17,18,19,20,21,22,23,24,4,3,2,1,0,25,26,27,5,6,7",20
7,"9,10","9,10,10,11,11,12,12,13,13,14,14,15,15,16,16,17,17,18,18,19,19,20,20,21,21,22,22,23,23,24,24,25,25,26,26,27,27,0,0,1,1,2,2,3,3,4,4,5,5,6,6,7,7,8,8,9","9,10,11,12,13,14,15,16,17,18,8,7,6,5,4,3,2,1,0,27,26,25,24,23,22,21,20,19",1
7,"10,11","10,11,11,12,12,13,13,14,14,15,15,16,16,17,17,18,18,19,19,20,20,21,21,22,22,23,23,24,24,25,25,26,26,27,27,0,0,1,1,2,2,3,3,4,4,5,5,6,6,7,7,8,8,9,9,10","10,11,12,2,1,14,13,7,8,18,17,16,15,6,5,4,3,26,27,0,25,24,23,22,21,20,19,9",22
7,"11,12","11,12,12,13,13,14,14,15,15,16,16,17,17,18,18,19,19,20,20,21,21,22,22,23,23,24,24,25,25,26,26,27,27,0,0,1,1,2,2,3,3,4,4,5,5,6,6,7,7,8,8,9,9,10,10,11","11,12,13,14,15,16,17,22,23,24,25,26,27,0,1,2,3,4,5,6,7,8,18,19,9,10,21,20",4
7,"12,13","12,13,13,14,14,15,15,16,16,17,17,18,18,19,19,20,20,21,21,22,22,23,23,24,24,25,25,26,26,27,27,0,0,1,1,2,2,3,3,4,4,5,5,6,6,7,7,8,8,9,9,10,10,11,11,12","12,13,14,15,16,17,18,8,7,6,5,4,3,2,1,0,27,26,25,24,23,22,21,20,19,9,10,11",7
7,"13,14","13,14,14,15,15,16,16,17,17,18,18,19,19,20,20,21,21,22,22,23,23,24,24,25,25,26,26,27,27,0,0,1,1,2,2,3,3,4,4,5,5,6,6,7,7,8,8,9,9,10,10,11,11,12,12,13","13,14,15,6,7,8,18,19,9,10,11,20,21,22,17,16,23,24,25,26,3,4,5,27,0,1,2,12",9
7,"14,15","14,15,15,16,16,17,17,18,18,19,19,20,20,21,21,22,22,23,23,24,24,25,25,26,26,27,27,0,0,1,1,2,2,3,3,4,4,5,5,6,6,7,7,8,8,9,9,10,10,11,11,12,12,13,13,14","14,15,16,23,24,25,26,27,0,1,2,3,4,5,6,7,8,18,17,22,21,20,19,9,10,11,12,13",12
7,"15,16","15,16,16,17,17,18,18,19,19,20,20,21,21,22,22,23,23,24,24,25,25,26,26,27,27,0,0,1,1,2,2,3,3,4,4,5,5,6,6,7,7,8,8,9,9,10,10,11,11,12,12,13,13,14,14,15","15,16,17,18,8,7,13,14,1,0,27,26,25,24,23,22,21,20,19,9,10,11,12,2,3,4,5,6",11
7,"16,17","16,17,17,18,18,19,19,20,20,21,21,22,22,23,23,24,24,25,25,26,26,27,27,0,0,1,1,2,2,3,3,4,4,5,5,6,6,7,7,8,8,9,9,10,10,11,11,12,12,13,13,14,14,15,15,16","16,17,18,8,7,13,14,15,6,5,27,26,3,4,24,25,0,1,2,12,11,10,9,19,20,21,22,23",56
7,"17,18","17,18,18,19,19,20,20,21,21,22,22,23,23,24,24,25,25,26,26,27,27,0,0,1,1,2,2,3,3,4,4,5,5,6,6,7,7,8,8,9,9,10,10,11,11,12,12,13,13,14,14,15,15,16,16,17","17,18,19,20,21,22,23,24,4,3,2,1,0,25,26,27,5,6,7,8,9,10,11,12,13,14,15,16",8
7,"18,19","18,19,19,20,20,21,21,22,22,23,23,24,24,25,25,26,26,27,27,0,0,1,1,2,2,3,3,4,4,5,5,6,6,7,7,8,8,9,9,10,10,11,11,12,12,13,13,14,14,15,15,16,16,17,17,18","18,19,9,10,11,20,21,22,17,16,23,24,25,26,3,4,5,27,0,1,2,12,13,14,15,6,7,8",14
7,"19,20","19,20,20,21,21,22,22,23,23,24,24,25,25,26,26,27,27,0,0,1,1,2,2,3,3,4,4,5,5,6,6,7,7,8,8,9,9,10,10,11,11,12,12,13,13,14,14,15,15,16,16,17,17,18,18,19","19,20,21,22,23,24,25,26,27,0,1,2,3,4,5,6,7,8,18,17,16,15,14,13,12,11,10,9",1
7,"20,21","20,21,21,22,22,23,23,24,24,25,25,26,26,27,27,0,0,1,1,2,2,3,3,4,4,5,5,6,6,7,7,8,8,9,9,10,10,11,11,12,12,13,13,14,14,15,15,16,16,17,17,18,18,19,19,20","20,21,10,9,19,18,8,7,6,5,4,3,2,1,0,27,26,25,24,23,22,17,16,15,14,13,12,11",5
7,"21,22","21,22,22,23,23,24,24,25,25,26,26,27,27,0,0,1,1,2,2,3,3,4,4,5,5,6,6,7,7,8,8,9,9,10,10,11,11,12,12,13,13,14,14,15,15,16,16,17,17,18,18,19,19,20,20,21","21,22,23,24,25,0,27,26,3,4,5,6,15,16,17,18,19,20,11,12,2,1,14,13,7,8,9,10",19
7,"22,23","22,23,23,24,24,25,25,26,26,27,27,0,0,1,1,2,2,3,3,4,4,5,5,6,6,7,7,8,8,9,9,10,10,11,11,12,12,13,13,14,14,15,15,16,16,17,17,18,18,19,19,20,20,21,21,22","22,23,24,25,26,27,0,1,2,3,4,5,6,7,8,18,17,16,15,14,13,12,11,10,9,19,20,21",7
7,"23,24","23,24,24,25,25,26,26,27,27,0,0,1,1,2,2,3,3,4,4,5,5,6,6,7,7,8,8,9,9,10,10,11,11,12,12,13,13,14,14,15,15,16,16,17,17,18,18,19,19,20,20,21,21,22,22,23","23,24,25,26,3,4,5,27,0,1,2,12,13,14,15,6,7,8,18,19,9,10,11,20,21,22,17,16",8
7,"24,25","24,25,25,26,26,27,27,0,0,1,1,2,2,3,3,4,4,5,5,6,6,7,7,8,8,9,9,10,10,11,11,12,12,13,13,14,14,15,15,16,16,17,17,18,18,19,19,20,20,21,21,22,22,23,23,24","24,25,26,27,0,1,2,3,4,5,6,7,8,18,17,22,21,20,19,9,10,11,12,13,14,15,16,23",10
7,"25,26","25,26,26,27,27,0,0,1,1,2,2,3,3,4,4,5,5,6,6,7,7,8,8,9,9,10,10,11,11,12,12,13,13,14,14,15,15,16,16,17,17,18,18,19,19,20,20,21,21,22,22,23,23,24,24,25","25,26,27,5,6,7,8,9,10,11,12,13,14,15,16,17,18,19,20,21,22,23,24,4,3,2,1,0",2
7,"26,27","26,27,27,0,0,1,1,2,2,3,3,4,4,5,5,6,6,7,7,8,8,9,9,10,10,11,11,12,12,13,13,14,14,15,15,16,16,17,17,18,18,19,19,20,20,21,21,22,22,23,23,24,24,25,25,26","26,27,0,1,2,3,4,5,6,7,8,18,17,22,21,10,9,19,20,11,12,13,14,15,16,23,24,25",15
7,"27,0","27,0,0,1,1,2,2,3,3,4,4,5,5,6,6,7,7,8,8,9,9,10,10,11,11,12,12,13,13,14,14,15,15,16,16,17,17,18,18,19,19,20,20,21,21,22,22,23,23,24,24,25,25,26,26,27","27,0,1,2,3,4,5,6,7,8,18,17,22,21,20,19,9,10,11,12,13,14,15,16,23,24,25,26",14
8,"0,1","0,1,1,2,2,3,3,4,4,5,5,6,6,7,7,8,8,9,9,10,10,11,11,12,12,13,13,14,14,15,15,16,16,17,17,18,18,19,19,20,20,21,21,22,22,23,23,24,24,25,25,26,26,27,27,0","0,1,2,3,4,5,6,19,20,21,22,23,24,25,26,9,10,11,12,13,8,7,14,15,16,17,18,27",5
8,"1,2","1,2,2,3,3,4,4,5,5,6,6,7,7,8,8,9,9,10,10,11,11,12,12,13,13,14,14,15,15,16,16,17,17,18,18,19,19,20,20,21,21,22,22,23,23,24,24,25,25,26,26,27,27,0,0,1","1,2,11,12,13,14,7,8,9,10,24,25,26,27,0,23,22,21,20,3,4,5,6,19,18,17,16,15",9
8,"2,3","2,3,3,4,4,5,5,6,6,7,7,8,8,9,9,10,10,11,11,12,12,13,13,14,14,15,15,16,16,17,17,18,18,19,19,20,20,21,21,22,22,23,23,24,24,25,25,26,26,27,27,0,0,1,1,2","2,3,4,5,6,19,20,21,22,23,24,25,26,9,10,11,12,13,8,7,14,15,16,17,18,27,0,1",12
8,"3,4","3,4,4,5,5,6,6,7,7,8,8,9,9,10,10,11,11,12,12,13,13,14,14,15,15,16,16,17,17,18,18,19,19,20,20,21,21,22,22,23,23,24,24,25,25,26,26,27,27,0,0,1,1,2,2,3","3,4,5,6,7,8,13,14,15,1,0,23,22,21,20,19,18,27,26,9,10,24,25,17,16,12,11,2",11
8,"4,5","4,5,5,6,6,7,7,8,8,9,9,10,10,11,11,12,12,13,13,14,14,15,15,16,16,17,17,18,18,19,19,20,20,21,21,22,22,23,23,24,24,25,25,26,26,27,27,0,0,1,1,2,2,3,3,4","4,5,21,22,23,0,1,2,11,12,13,14,15,16,17,18,27,26,25,24,10,9,8,7,6,19,20,3",7
8,"5,6","5,6,6,7,7,8,8,9,9,10,10,11,11,12,12,13,13,14,14,15,15,16,16,17,17,18,18,19,19,20,20,21,21,22,22,23,23,24,24,25,25,26,26,27,27,0,0,1,1,2,2,3,3,4,4,5","5,6,19,20,21,22,23,24,25,26,9,10,11,12,13,8,7,14,15,16,17,18,27,0,1,2,3,4",9
8,"6,7","6,7,7,8,8,9,9,10,10,11,11,12,12,13,13,14,14,15,15,16,16,17,17,18,18,19,19,20,20,21,21,22,22,23,23,24,24,25,25,26,26,27,27,0,0,1,1,2,2,3,3,4,4,5,5,6","6,7,8,13,14,15,1,0,23,22,21,20,19,18,27,26,9,10,24,25,17,16,12,11,2,3,4,5",18
8,"7,8","7,8,8,9,9,10,10,11,11,12,12,13,13,14,14,15,15,16,16,17,17,18,18,19,19,20,20,21,21,22,22,23,23,24,24,25,25,26,26,27,27,0,0,1,1,2,2,3,3,4,4,5,5,6,6,7","7,8,13,14,15,1,0,23,22,4,5,21,20,3,2,11,12,16,17,25,24,10,9,26,27,18,19,6",16
8,"8,9","8,9,9,10,10,11,11,12,12,13,13,14,14,15,15,16,16,17,17,18,18,19,19,20,20,21,21,22,22,23,23,24,24,25,25,26,26,27,27,0,0,1,1,2,2,3,3,4,4,5,5,6,6,7,7,8","8,9,10,24,25,26,27,0,23,22,21,20,3,4,5,6,19,18,17,16,15,1,2,11,12,13,14,7",7
8,"9,10","9,10,10,11,11,12,12,13,13,14,14,15,15,16,16,17,17,18,18,19,19,20,20,21,21,22,22,23,23,24,24,25,25,26,26,27,27,0,0,1,1,2,2,3,3,4,4,5,5,6,6,7,7,8,8,9","9,10,24,23,22,21,20,19,18,17,25,26,27,0,1,15,16,12,11,2,3,4,5,6,7,14,13,8",19
8,"10,11","10,11,11,12,12,13,13,14,14,15,15,16,16,17,17,18,18,19,19,20,20,21,21,22,22,23,23,24,24,25,25,26,26,27,27,0,0,1,1,2,2,3,3,4,4,5,5,6,6,7,7,8,8,9,9,10","10,11,12,13,14,7,8,9,26,25,17,16,15,1,2,3,20,21,22,4,5,6,19,18,27,0,23,24",13
8,"11,12","11,12,12,13,13,14,14,15,15,16,16,17,17,18,18,19,19,20,20,21,21,22,22,23,23,24,24,25,25,26,26,27,27,0,0,1,1,2,2,3,3,4,4,5,5,6,6,7,7,8,8,9,9,10,10,11","11,12,13,8,7,14,15,16,17,25,24,10,9,26,27,18,19,6,5,4,3,20,21,22,23,0,1,2",10
8,"12,13","12,13,13,14,14,15,15,16,16,17,17,18,18,19,19,20,20,21,21,22,22,23,23,24,24,25,25,26,26,27,27,0,0,1,1,2,2,3,3,4,4,5,5,6,6,7,7,8,8,9,9,10,10,11,11,12","12,13,14,7,8,9,10,24,25,26,27,0,23,22,21,20,3,4,5,6,19,18,17,16,15,1,2,11",10
8,"13,14","13,14,14,15,15,16,16,17,17,18,18,19,19,20,20,21,21,22,22,23,23,24,24,25,25,26,26,27,27,0,0,1,1,2,2,3,3,4,4,5,5,6,6,7,7,8,8,9,9,10,10,11,11,12,12,13","13,14,15,16,17,25,26,9,8,7,6,5,4,3,2,1,0,27,18,19,20,21,22,23,24,10,11,12",6
8,"14,15","14,15,15,16,16,17,17,18,18,19,19,20,20,21,21,22,22,23,23,24,24,25,25,26,26,27,27,0,0,1,1,2,2,3,3,4,4,5,5,6,6,7,7,8,8,9,9,10,10,11,11,12,12,13,13,14","14,15,16,17,18,27,0,1,2,3,4,5,6,19,20,21,22,23,24,25,26,9,10,11,12,13,8,7",4
8,"15,16","15,16,16,17,17,18,18,19,19,20,20,21,21,22,22,23,23,24,24,25,25,26,26,27,27,0,0,1,1,2,2,3,3,4,4,5,5,6,6,7,7,8,8,9,9,10,10,11,11,12,12,13,13,14,14,15","15,16,17,25,26,9,8,13,12,11,10,24,23,22,21,20,19,18,27,0,1,2,3,4,5,6,7,14",9
8,"16,17","16,17,17,18,18,19,19,20,20,21,21,22,22,23,23,24,24,25,25,26,26,27,27,0,0,1,1,2,2,3,3,4,4,5,5,6,6,7,7,8,8,9,9,10,10,11,11,12,12,13,13,14,14,15,15,16","16,17,25,24,10,9,26,27,18,19,20,21,22,23,0,1,15,14,13,8,7,6,5,4,3,2,11,12",9
8,"17,18","17,18,18,19,19,20,20,21,21,22,22,23,23,24,24,25,25,26,26,27,27,0,0,1,1,2,2,3,3,4,4,5,5,6,6,7,7,8,8,9,9,10,10,11,11,12,12,13,13,14,14,15,15,16,16,17","17,18,27,0,1,2,3,4,5,6,19,20,21,22,23,24,25,26,9,10,11,12,13,8,7,14,15,16",7
8,"18,19","18,19,19,20,20,21,21,22,22,23,23,24,24,25,25,26,26,27,27,0,0,1,1,2,2,3,3,4,4,5,5,6,6,7,7,8,8,9,9,10,10,11,11,12,12,13,13,14,14,15,15,16,16,17,17,18","18,19,20,21,22,23,24,10,9,26,25,17,16,12,11,2,3,4,5,6,7,8,13,14,15,1,0,27",8
8,"19,20","19,20,20,21,21,22,22,23,23,24,24,25,25,26,26,27,27,0,0,1,1,2,2,3,3,4,4,5,5,6,6,7,7,8,8,9,9,10,10,11,11,12,12,13,13,14,14,15,15,16,16,17,17,18,18,19","19,20,3,4,5,21,22,23,0,1,2,11,12,13,14,15,16,17,18,27,26,25,24,10,9,8,7,6",6
8,"20,21","20,21,21,22,22,23,23,24,24,25,25,26,26,27,27,0,0,1,1,2,2,3,3,4,4,5,5,6,6,7,7,8,8,9,9,10,10,11,11,12,12,13,13,14,14,15,15,16,16,17,17,18,18,19,19,20","20,21,22,23,24,25,26,9,10,11,12,13,8,7,14,15,16,17,18,27,0,1,2,3,4,5,6,19",5
8,"21,22","21,22,22,23,23,24,24,25,25,26,26,27,27,0,0,1,1,2,2,3,3,4,4,5,5,6,6,7,7,8,8,9,9,10,10,11,11,12,12,13,13,14,14,15,15,16,16,17,17,18,18,19,19,20,20,21","21,22,23,24,25,26,9,10,11,12,13,8,7,14,15,16,17,18,27,0,1,2,3,4,5,6,19,20",11
8,"22,23","22,23,23,24,24,25,25,26,26,27,27,0,0,1,1,2,2,3,3,4,4,5,5,6,6,7,7,8,8,9,9,10,10,11,11,12,12,13,13,14,14,15,15,16,16,17,17,18,18,19,19,20,20,21,21,22","22,23,0,1,2,11,12,13,14,15,16,17,18,27,26,25,24,10,9,8,7,6,19,20,3,4,5,21",7
8,"23,24","23,24,24,25,25,26,26,27,27,0,0,1,1,2,2,3,3,4,4,5,5,6,6,7,7,8,8,9,9,10,10,11,11,12,12,13,13,14,14,15,15,16,16,17,17,18,18,19,19,20,20,21,21,22,22,23","23,24,25,26,9,10,11,12,13,8,7,14,15,16,17,18,27,0,1,2,3,4,5,6,19,20,21,22",15
8,"24,25","24,25,25,26,26,27,27,0,0,1,1,2,2,3,3,4,4,5,5,6,6,7,7,8,8,9,9,10,10,11,11,12,12,13,13,14,14,15,15,16,16,17,17,18,18,19,19,20,20,21,21,22,22,23,23,24","24,25,26,27,0,23,22,21,20,3,4,5,6,19,18,17,16,15,1,2,11,12,13,14,7,8,9,10",14
8,"25,26","25,26,26,27,27,0,0,1,1,2,2,3,3,4,4,5,5,6,6,7,7,8,8,9,9,10,10,11,11,12,12,13,13,14,14,15,15,16,16,17,17,18,18,19,19,20,20,21,21,22,22,23,23,24,24,25","25,26,9,8,7,6,5,4,3,2,11,10,24,23,22,21,20,19,18,27,0,1,15,14,13,12,16,17",17
8,"26,27","26,27,27,0,0,1,1,2,2,3,3,4,4,5,5,6,6,7,7,8,8,9,9,10,10,11,11,12,12,13,13,14,14,15,15,16,16,17,17,18,18,19,19,20,20,21,21,22,22,23,23,24,24,25,25,26","26,27,18,19,20,21,22,23,0,1,15,14,13,12,16,17,25,24,10,11,2,3,4,5,6,7,8,9",18
8,"27,0","27,0,0,1,1,2,2,3,3,4,4,5,5,6,6,7,7,8,8,9,9,10,10,11,11,12,12,13,13,14,14,15,15,16,16,17,17,18,18,19,19,20,20,21,21,22,22,23,23,24,24,25,25,26,26,27","27,0,23,22,21,20,3,4,5,6,19,18,17,16,15,1,2,11,12,13,14,7,8,9,10,24,25,26",17
9,"0,1","0,1,1,2,2,3,3,4,4,5,5,6,6,7,7,8,8,9,9,10,10,11,11,12,12,13,13,14,14,15,15,16,16,17,17,18,18,19,19,20,20,21,21,22,22,23,23,24,24,25,25,26,26,27,27,0","0,1,2,3,4,5,6,7,8,9,10,11,12,14,13,15,16,17,18,19,20,21,22,23,24,25,26,27",31
9,"1,2","1,2,2,3,3,4,4,5,5,6,6,7,7,8,8,9,9,10,10,11,11,12,12,13,13,14,14,15,15,16,16,17,17,18,18,19,19,20,20,21,21,22,22,23,23,24,24,25,25,26,26,27,27,0,0,1","1,2,3,4,5,6,7,8,9,10,11,12,14,13,15,16,17,18,19,20,21,22,23,24,25,26,27,0",23
9,"2,3","2,3,3,4,4,5,5,6,6,7,7,8,8,9,9,10,10,11,11,12,12,13,13,14,14,15,15,16,16,17,17,18,18,19,19,20,20,21,21,22,22,23,23,24,24,25,25,26,26,27,27,0,0,1,1,2","2,3,4,5,6,7,8,9,10,11,12,14,13,15,16,17,18,19,20,21,22,23,24,25,26,27,0,1",25
9,"3,4","3,4,4,5,5,6,6,7,7,8,8,9,9,10,10,11,11,12,12,13,13,14,14,15,15,16,16,17,17,18,18,19,19,20,20,21,21,22,22,23,23,24,24,25,25,26,26,27,27,0,0,1,1,2,2,3","3,4,5,6,7,8,9,10,11,12,13,14,15,16,17,18,19,20,21,22,23,24,2,1,27,0,25,26",4
9,"4,5","4,5,5,6,6,7,7,8,8,9,9,10,10,11,11,12,12,13,13,14,14,15,15,16,16,17,17,18,18,19,19,20,20,21,21,22,22,23,23,24,24,25,25,26,26,27,27,0,0,1,1,2,2,3,3,4","4,5,6,7,8,9,10,11,12,13,14,15,16,17,18,19,20,21,22,23,24,2,1,27,0,25,26,3",10
9,"5,6","5,6,6,7,7,8,8,9,9,10,10,11,11,12,12,13,13,14,14,15,15,16,16,17,17,18,18,19,19,20,20,21,21,22,22,23,23,24,24,25,25,26,26,27,27,0,0,1,1,2,2,3,3,4,4,5","5,6,7,8,9,10,11,12,13,14,15,16,17,18,19,20,21,22,23,24,2,1,27,0,25,26,3,4",12
9,"6,7","6,7,7,8,8,9,9,10,10,11,11,12,12,13,13,14,14,15,15,16,16,17,17,18,18,19,19,20,20,21,21,22,22,23,23,24,24,25,25,26,26,27,27,0,0,1,1,2,2,3,3,4,4,5,5,6","6,7,8,9,10,11,12,14,13,15,16,17,18,19,20,21,22,23,24,25,26,27,0,1,2,3,4,5",19
9,"7,8","7,8,8,9,9,10,10,11,11,12,12,13,13,14,14,15,15,16,16,17,17,18,18,19,19,20,20,21,21,22,22,23,23,24,24,25,25,26,26,27,27,0,0,1,1,2,2,3,3,4,4,5,5,6,6,7","7,8,9,10,11,12,13,14,15,16,17,18,19,20,21,22,23,24,2,1,27,0,25,26,3,4,5,6",16
9,"8,9","8,9,9,10,10,11,11,12,12,13,13,14,14,15,15,16,16,17,17,18,18,19,19,20,20,21,21,22,22,23,23,24,24,25,25,26,26,27,27,0,0,1,1,2,2,3,3,4,4,5,5,6,6,7,7,8","8,9,10,11,12,13,14,15,16,17,18,19,20,21,22,23,24,2,1,27,0,25,26,3,4,5,6,7",14
9,"9,10","9,10,10,11,11,12,12,13,13,14,14,15,15,16,16,17,17,18,18,19,19,20,20,21,21,22,22,23,23,24,24,25,25,26,26,27,27,0,0,1,1,2,2,3,3,4,4,5,5,6,6,7,7,8,8,9","9,10,11,12,13,14,15,16,17,18,19,20,21,22,23,24,2,1,27,0,25,26,3,4,5,6,7,8",24
9,"10,11","10,11,11,12,12,13,13,14,14,15,15,16,16,17,17,18,18,19,19,20,20,21,21,22,22,23,23,24,24,25,25,26,26,27,27,0,0,1,1,2,2,3,3,4,4,5,5,6,6,7,7,8,8,9,9,10","10,11,12,14,13,15,16,17,18,19,20,21,22,23,24,25,26,27,0,1,2,3,4,5,6,7,8,9",7
9,"11,12","11,12,12,13,13,14,14,15,15,16,16,17,17,18,18,19,19,20,20,21,21,22,22,23,23,24,24,25,25,26,26,27,27,0,0,1,1,2,2,3,3,4,4,5,5,6,6,7,7,8,8,9,9,10,10,11","11,12,13,14,15,16,17,18,19,20,21,22,23,24,2,1,27,0,25,26,3,4,5,6,7,8,9,10",18
9,"12,13","12,13,13,14,14,15,15,16,16,17,17,18,18,19,19,20,20,21,21,22,22,23,23,24,24,25,25,26,26,27,27,0,0,1,1,2,2,3,3,4,4,5,5,6,6,7,7,8,8,9,9,10,10,11,11,12","12,13,14,15,16,17,18,19,20,21,22,23,24,2,1,27,0,25,26,3,4,5,6,7,8,9,10,11",34
9,"13,14","13,14,14,15,15,16,16,17,17,18,18,19,19,20,20,21,21,22,22,23,23,24,24,25,25,26,26,27,27,0,0,1,1,2,2,3,3,4,4,5,5,6,6,7,7,8,8,9,9,10,10,11,11,12,12,13","13,14,12,11,10,9,8,7,6,5,4,3,2,1,0,27,26,25,24,23,22,21,20,19,18,17,16,15",1
9,"14,15","14,15,15,16,16,17,17,18,18,19,19,20,20,21,21,22,22,23,23,24,24,25,25,26,26,27,27,0,0,1,1,2,2,3,3,4,4,5,5,6,6,7,7,8,8,9,9,10,10,11,11,12,12,13,13,14","14,15,16,17,18,19,20,21,22,23,24,2,1,27,0,25,26,3,4,5,6,7,8,9,10,11,12,13",28
9,"15,16","15,16,16,17,17,18,18,19,19,20,20,21,21,22,22,23,23,24,24,25,25,26,26,27,27,0,0,1,1,2,2,3,3,4,4,5,5,6,6,7,7,8,8,9,9,10,10,11,11,12,12,13,13,14,14,15","15,16,17,18,19,20,21,22,23,24,25,26,27,0,1,2,3,4,5,6,7,8,9,10,11,12,14,13",1
9,"16,17","16,17,17,18,18,19,19,20,20,21,21,22,22,23,23,24,24,25,25,26,26,27,27,0,0,1,1,2,2,3,3,4,4,5,5,6,6,7,7,8,8,9,9,10,10,11,11,12,12,13,13,14,14,15,15,16","16,17,18,19,20,21,22,23,24,25,26,27,0,1,2,3,4,5,6,7,8,9,10,11,12,14,13,15",3
9,"17,18","17,18,18,19,19,20,20,21,21,22,22,23,23,24,24,25,25,26,26,27,27,0,0,1,1,2,2,3,3,4,4,5,5,6,6,7,7,8,8,9,9,10,10,11,11,12,12,13,13,14,14,15,15,16,16,17","17,18,19,20,21,22,23,24,2,1,27,0,25,26,3,4,5,6,7,8,9,10,11,12,13,14,15,16",20
9,"18,19","18,19,19,20,20,21,21,22,22,23,23,24,24,25,25,26,26,27,27,0,0,1,1,2,2,3,3,4,4,5,5,6,6,7,7,8,8,9,9,10,10,11,11,12,12,13,13,14,14,15,15,16,16,17,17,18","18,19,20,21,22,23,24,25,26,27,0,1,2,3,4,5,6,7,8,9,10,11,12,14,13,15,16,17",5
9,"19,20","19,20,20,21,21,22,22,23,23,24,24,25,25,26,26,27,27,0,0,1,1,2,2,3,3,4,4,5,5,6,6,7,7,8,8,9,9,10,10,11,11,12,12,13,13,14,14,15,15,16,16,17,17,18,18,19","19,20,21,22,23,24,25,26,27,0,1,2,3,4,5,6,7,8,9,10,11,12,14,13,15,16,17,18",13
9,"20,21","20,21,21,22,22,23,23,24,24,25,25,26,26,27,27,0,0,1,1,2,2,3,3,4,4,5,5,6,6,7,7,8,8,9,9,10,10,11,11,12,12,13,13,14,14,15,15,16,16,17,17,18,18,19,19,20","20,21,22,23,24,25,26,27,0,1,2,3,4,5,6,7,8,9,10,11,12,14,13,15,16,17,18,19",7
9,"21,22","21,22,22,23,23,24,24,25,25,26,26,27,27,0,0,1,1,2,2,3,3,4,4,5,5,6,6,7,7,8,8,9,9,10,10,11,11,12,12,13,13,14,14,15,15,16,16,17,17,18,18,19,19,20,20,21","21,22,23,24,2,1,27,0,25,26,3,4,5,6,7,8,9,10,11,12,13,14,15,16,17,18,19,20",16
9,"22,23","22,23,23,24,24,25,25,26,26,27,27,0,0,1,1,2,2,3,3,4,4,5,5,6,6,7,7,8,8,9,9,10,10,11,11,12,12,13,13,14,14,15,15,16,16,17,17,18,18,19,19,20,20,21,21,22","22,23,24,25,26,27,0,1,2,3,4,5,6,7,8,9,10,11,12,14,13,15,16,17,18,19,20,21",11
9,"23,24","23,24,24,25,25,26,26,27,27,0,0,1,1,2,2,3,3,4,4,5,5,6,6,7,7,8,8,9,9,10,10,11,11,12,12,13,13,14,14,15,15,16,16,17,17,18,18,19,19,20,20,21,21,22,22,23","23,24,25,26,27,0,1,2,3,4,5,6,7,8,9,10,11,12,14,13,15,16,17,18,19,20,21,22",17
9,"24,25","24,25,25,26,26,27,27,0,0,1,1,2,2,3,3,4,4,5,5,6,6,7,7,8,8,9,9,10,10,11,11,12,12,13,13,14,14,15,15,16,16,17,17,18,18,19,19,20,20,21,21,22,22,23,23,24","24,25,26,27,0,1,2,3,4,5,6,7,8,9,10,11,12,14,13,15,16,17,18,19,20,21,22,23",27
9,"25,26","25,26,26,27,27,0,0,1,1,2,2,3,3,4,4,5,5,6,6,7,7,8,8,9,9,10,10,11,11,12,12,13,13,14,14,15,15,16,16,17,17,18,18,19,19,20,20,21,21,22,22,23,23,24,24,25","25,26,3,4,5,6,7,8,9,10,11,12,13,14,15,16,17,18,19,20,21,22,23,24,2,1,27,0",3
9,"26,27","26,27,27,0,0,1,1,2,2,3,3,4,4,5,5,6,6,7,7,8,8,9,9,10,10,11,11,12,12,13,13,14,14,15,15,16,16,17,17,18,18,19,19,20,20,21,21,22,22,23,23,24,24,25,25,26","26,27,0,1,2,3,4,5,6,7,8,9,10,11,12,14,13,15,16,17,18,19,20,21,22,23,24,25",35
9,"27,0","27,0,0,1,1,2,2,3,3,4,4,5,5,6,6,7,7,8,8,9,9,10,10,11,11,12,12,13,13,14,14,15,15,16,16,17,17,18,18,19,19,20,20,21,21,22,22,23,23,24,24,25,25,26,26,27","27,0,1,2,3,4,5,6,7,8,9,10,11,12,14,13,15,16,17,18,19,20,21,22,23,24,25,26",21
10,"0,1","0,1,1,2,2,3,3,4,4,5,5,6,6,7,7,8,8,9,9,10,10,11,11,12,12,13,13,14,14,15,15,16,16,17,17,18,18,19,19,20,20,21,21,22,22,23,23,24,24,25,25,26,26,27,27,0","0,1,2,12,13,4,3,5,6,7,8,9,14,15,16,17,18,19,20,21,22,23,24,25,26,10,11,27",6
10,"1,2","1,2,2,3,3,4,4,5,5,6,6,7,7,8,8,9,9,10,10,11,11,12,12,13,13,14,14,15,15,16,16,17,17,18,18,19,19,20,20,21,21,22,22,23,23,24,24,25,25,26,26,27,27,0,0,1","1,2,3,4,5,6,0,27,26,25,24,23,22,21,20,19,18,17,16,15,14,13,12,11,10,9,8,7",1
10,"2,3","2,3,3,4,4,5,5,6,6,7,7,8,8,9,9,10,10,11,11,12,12,13,13,14,14,15,15,16,16,17,17,18,18,19,19,20,20,21,21,22,22,23,23,24,24,25,25,26,26,27,27,0,0,1,1,2","2,3,4,5,6,7,8,9,10,11,12,13,14,15,16,17,22,21,18,19,20,23,24,25,26,27,0,1",13
10,"3,4","3,4,4,5,5,6,6,7,7,8,8,9,9,10,10,11,11,12,12,13,13,14,14,15,15,16,16,17,17,18,18,19,19,20,20,21,21,22,22,23,23,24,24,25,25,26,26,27,27,0,0,1,1,2,2,3","3,4,13,14,15,16,17,18,19,20,21,22,23,24,25,26,27,0,1,2,12,11,10,9,8,7,6,5",2
10,"4,5","4,5,5,6,6,7,7,8,8,9,9,10,10,11,11,12,12,13,13,14,14,15,15,16,16,17,17,18,18,19,19,20,20,21,21,22,22,23,23,24,24,25,25,26,26,27,27,0,0,1,1,2,2,3,3,4","4,5,6,0,1,7,8,9,10,11,27,26,25,24,23,22,21,20,19,18,17,16,15,14,13,12,2,3",6
10,"5,6","5,6,6,7,7,8,8,9,9,10,10,11,11,12,12,13,13,14,14,15,15,16,16,17,17,18,18,19,19,20,20,21,21,22,22,23,23,24,24,25,25,26,26,27,27,0,0,1,1,2,2,3,3,4,4,5","5,6,7,8,9,14,15,16,17,18,19,20,21,22,23,24,25,26,10,11,27,0,1,2,12,13,4,3",5
10,"6,7","6,7,7,8,8,9,9,10,10,11,11,12,12,13,13,14,14,15,15,16,16,17,17,18,18,19,19,20,20,21,21,22,22,23,23,24,24,25,25,26,26,27,27,0,0,1,1,2,2,3,3,4,4,5,5,6","6,7,8,9,14,15,16,17,18,19,20,21,22,23,24,25,26,10,11,27,0,1,2,12,13,4,3,5",7
10,"7,8","7,8,8,9,9,10,10,11,11,12,12,13,13,14,14,15,15,16,16,17,17,18,18,19,19,20,20,21,21,22,22,23,23,24,24,25,25,26,26,27,27,0,0,1,1,2,2,3,3,4,4,5,5,6,6,7","7,8,9,10,11,12,13,14,15,16,17,18,19,20,21,22,23,24,25,26,27,0,6,5,4,3,2,1",1
10,"8,9","8,9,9,10,10,11,11,12,12,13,13,14,14,15,15,16,16,17,17,18,18,19,19,20,20,21,21,22,22,23,23,24,24,25,25,26,26,27,27,0,0,1,1,2,2,3,3,4,4,5,5,6,6,7,7,8","8,9,10,11,12,2,1,0,27,26,25,24,23,22,21,20,19,18,17,16,15,14,13,4,3,5,6,7",10
10,"9,10","9,10,10,11,11,12,12,13,13,14,14,15,15,16,16,17,17,18,18,19,19,20,20,21,21,22,22,23,23,24,24,25,25,26,26,27,27,0,0,1,1,2,2,3,3,4,4,5,5,6,6,7,7,8,8,9","9,10,11,12,13,14,15,16,17,22,21,18,19,20,23,24,25,26,27,0,1,2,3,4,5,6,7,8",15
10,"10,11","10,11,11,12,12,13,13,14,14,15,15,16,16,17,17,18,18,19,19,20,20,21,21,22,22,23,23,24,24,25,25,26,26,27,27,0,0,1,1,2,2,3,3,4,4,5,5,6,6,7,7,8,8,9,9,10","10,11,12,2,1,0,27,26,25,24,23,22,21,20,19,18,17,16,15,8,7,6,5,3,4,13,14,9",13
10,"11,12","11,12,12,13,13,14,14,15,15,16,16,17,17,18,18,19,19,20,20,21,21,22,22,23,23,24,24,25,25,26,26,27,27,0,0,1,1,2,2,3,3,4,4,5,5,6,6,7,7,8,8,9,9,10,10,11","11,12,13,14,15,16,17,18,19,20,21,22,23,24,25,26,10,9,8,7,6,5,4,3,2,1,0,27",1
10,"12,13","12,13,13,14,14,15,15,16,16,17,17,18,18,19,19,20,20,21,21,22,22,23,23,24,24,25,25,26,26,27,27,0,0,1,1,2,2,3,3,4,4,5,5,6,6,7,7,8,8,9,9,10,10,11,11,12","12,13,4,3,5,6,7,8,9,14,15,16,17,18,19,20,21,22,23,24,25,26,10,11,27,0,1,2",10
10,"13,14","13,14,14,15,15,16,16,17,17,18,18,19,19,20,20,21,21,22,22,23,23,24,24,25,25,26,26,27,27,0,0,1,1,2,2,3,3,4,4,5,5,6,6,7,7,8,8,9,9,10,10,11,11,12,12,13","13,14,15,16,17,18,19,20,21,22,23,24,25,26,27,0,1,2,12,11,10,9,8,7,6,5,3,4",2
10,"14,15","14,15,15,16,16,17,17,18,18,19,19,20,20,21,21,22,22,23,23,24,24,25,25,26,26,27,27,0,0,1,1,2,2,3,3,4,4,5,5,6,6,7,7,8,8,9,9,10,10,11,11,12,12,13,13,14","14,15,16,17,22,21,18,19,20,23,24,25,26,27,0,1,2,3,4,5,6,7,8,9,10,11,12,13",25
10,"15,16","15,16,16,17,17,18,18,19,19,20,20,21,21,22,22,23,23,24,24,25,25,26,26,27,27,0,0,1,1,2,2,3,3,4,4,5,5,6,6,7,7,8,8,9,9,10,10,11,11,12,12,13,13,14,14,15","15,16,17,18,19,20,21,22,23,24,25,26,10,11,27,0,1,2,12,13,4,3,5,6,7,8,9,14",6
10,"16,17","16,17,17,18,18,19,19,20,20,21,21,22,22,23,23,24,24,25,25,26,26,27,27,0,0,1,1,2,2,3,3,4,4,5,5,6,6,7,7,8,8,9,9,10,10,11,11,12,12,13,13,14,14,15,15,16","16,17,18,19,20,21,22,23,24,25,26,27,0,6,5,3,4,13,14,9,10,11,12,2,1,7,8,15",14
10,"17,18","17,18,18,19,19,20,20,21,21,22,22,23,23,24,24,25,25,26,26,27,27,0,0,1,1,2,2,3,3,4,4,5,5,6,6,7,7,8,8,9,9,10,10,11,11,12,12,13,13,14,14,15,15,16,16,17","17,18,19,25,26,27,0,1,2,3,4,5,6,7,8,9,10,11,12,13,14,15,16,24,23,20,21,22",3
10,"18,19","18,19,19,20,20,21,21,22,22,23,23,24,24,25,25,26,26,27,27,0,0,1,1,2,2,3,3,4,4,5,5,6,6,7,7,8,8,9,9,10,10,11,11,12,12,13,13,14,14,15,15,16,16,17,17,18","18,19,20,23,24,25,26,27,0,1,2,3,4,5,6,7,8,9,10,11,12,13,14,15,16,17,22,21",2
10,"19,20","19,20,20,21,21,22,22,23,23,24,24,25,25,26,26,27,27,0,0,1,1,2,2,3,3,4,4,5,5,6,6,7,7,8,8,9,9,10,10,11,11,12,12,13,13,14,14,15,15,16,16,17,17,18,18,19","19,20,21,18,17,22,23,24,16,15,14,13,12,11,10,9,8,7,6,5,4,3,2,1,0,27,26,25",3
10,"20,21","20,21,21,22,22,23,23,24,24,25,25,26,26,27,27,0,0,1,1,2,2,3,3,4,4,5,5,6,6,7,7,8,8,9,9,10,10,11,11,12,12,13,13,14,14,15,15,16,16,17,17,18,18,19,19,20","20,21,22,23,24,25,26,10,11,27,0,1,2,12,13,4,3,5,6,7,8,9,14,15,16,17,18,19",9
10,"21,22","21,22,22,23,23,24,24,25,25,26,26,27,27,0,0,1,1,2,2,3,3,4,4,5,5,6,6,7,7,8,8,9,9,10,10,11,11,12,12,13,13,14,14,15,15,16,16,17,17,18,18,19,19,20,20,21","21,22,23,24,25,26,27,0,6,5,3,4,13,14,9,10,11,12,2,1,7,8,15,16,17,18,19,20",18
10,"22,23","22,23,23,24,24,25,25,26,26,27,27,0,0,1,1,2,2,3,3,4,4,5,5,6,6,7,7,8,8,9,9,10,10,11,11,12,12,13,13,14,14,15,15,16,16,17,17,18,18,19,19,20,20,21,21,22","22,23,24,25,26,10,11,27,0,1,2,12,13,4,3,5,6,7,8,9,14,15,16,17,18,19,20,21",11
10,"23,24","23,24,24,25,25,26,26,27,27,0,0,1,1,2,2,3,3,4,4,5,5,6,6,7,7,8,8,9,9,10,10,11,11,12,12,13,13,14,14,15,15,16,16,17,17,18,18,19,19,20,20,21,21,22,22,23","23,24,25,26,27,0,1,2,3,4,5,6,7,8,9,10,11,12,13,14,15,16,17,22,21,18,19,20",2
10,"24,25","24,25,25,26,26,27,27,0,0,1,1,2,2,3,3,4,4,5,5,6,6,7,7,8,8,9,9,10,10,11,11,12,12,13,13,14,14,15,15,16,16,17,17,18,18,19,19,20,20,21,21,22,22,23,23,24","24,25,26,10,11,27,0,1,2,12,13,4,3,5,6,7,8,9,14,15,16,17,18,19,20,21,22,23",13
10,"25,26","25,26,26,27,27,0,0,1,1,2,2,3,3,4,4,5,5,6,6,7,7,8,8,9,9,10,10,11,11,12,12,13,13,14,14,15,15,16,16,17,17,18,18,19,19,20,20,21,21,22,22,23,23,24,24,25","25,26,27,0,1,2,3,4,5,6,7,8,9,10,11,12,13,14,15,16,24,23,22,17,18,21,20,19",3
10,"26,27","26,27,27,0,0,1,1,2,2,3,3,4,4,5,5,6,6,7,7,8,8,9,9,10,10,11,11,12,12,13,13,14,14,15,15,16,16,17,17,18,18,19,19,20,20,21,21,22,22,23,23,24,24,25,25,26","26,27,0,1,2,3,4,5,6,7,8,9,10,11,12,13,14,15,16,17,22,21,18,19,20,23,24,25",5
10,"27,0","27,0,0,1,1,2,2,3,3,4,4,5,5,6,6,7,7,8,8,9,9,10,10,11,11,12,12,13,13,14,14,15,15,16,16,17,17,18,18,19,19,20,20,21,21,22,22,23,23,24,24,25,25,26,26,27","27,0,1,2,3,4,5,6,7,8,9,10,26,25,24,23,22,21,20,19,18,17,16,15,14,13,12,11",1
